id,name_r,status,my_rating_10,name_g,released,released_year,metacritic,rating,ratings_count,genres,tags
50778,A Way Out,Completed,8,A Way Out,2018-03-23,2018.0,78.0,4.12,1604.0,Action|Adventure,Steam Achievements|Multiplayer|Full controller support|Atmospheric|Co-op|Story Rich|cooperative|Third Person|Online Co-Op|Violent|Stealth|Split Screen|Local Co-Op|Action-Adventure|Nudity|Cinematic|Sexual Content|Crime|Steam Trading Cards|Emotional|Remote Play Together|Shared/Split Screen Co-op|Remote Play on TV|Remote Play on Tablet|Conversation|Remote Play on Phone|prison|ea play
4729,Assassin's Creed,Completed,6,Assassin's Creed,2007-11-13,2007.0,80.0,3.92,2007.0,Action,Stealth|Space|Assassin|character|city|Investigation|future|Single player only|office|treasure
28568,Assassin's Creed II,Completed,6,Assassin's Creed II,2009-11-17,2009.0,89.0,4.42,2934.0,Action,Assassin|hero|Swords
58616,Assassin's Creed Odyssey,Played,7,Assassin's Creed Odyssey,2018-10-05,2018.0,85.0,3.98,2092.0,Action|RPG,Singleplayer|Atmospheric|steam-trading-cards|RPG|Story Rich|Open World|Third Person|Partial Controller Support|Female Protagonist|Stealth|In-App Purchases|Captions available|Historical|Parkour|Assassin
4358,Assassin's Creed Revelations,Completed,5,Assassin's Creed Revelations,2011-11-15,2011.0,80.0,3.99,1453.0,Action,Singleplayer|Multiplayer|Atmospheric|Great Soundtrack|RPG|Story Rich|Open World|Third Person|Sci-fi|Sandbox|Stealth|Action-Adventure|Controller|Historical|Medieval|Parkour|Assassin|Conspiracy
10064,Assassin’s Creed Brotherhood,Completed,7,Assassin’s Creed Brotherhood,2010-11-16,2010.0,88.0,4.28,1711.0,Action,Singleplayer|Multiplayer|Atmospheric|Great Soundtrack|Story Rich|Open World|Third Person|Partial Controller Support|Sandbox|Stealth|Action-Adventure|Controller|Historical|Medieval|Parkour|Assassin|Conspiracy|Rome
13305,Assassin’s Creed III,Completed,7,Assassin’s Creed III,2012-10-30,2012.0,80.0,3.75,2167.0,Action,Singleplayer|Multiplayer|Atmospheric|Story Rich|Open World|Third Person|Partial Controller Support|Sandbox|Stealth|Action-Adventure|Controller|Historical|Parkour|Assassin|America|Alternate History|Conspiracy|Hunting
3841,Assassin’s Creed IV: Black Flag,Completed,8,Assassin’s Creed IV: Black Flag,2013-10-29,2013.0,85.0,4.15,2630.0,Action,Singleplayer|Multiplayer|Atmospheric|RPG|Story Rich|Open World|Third Person|Exploration|Sandbox|Stealth|Action-Adventure|Action RPG|Mature|Historical|Parkour|Assassin|Pirates|Naval
50839,Baba Is You,Played,8,Baba Is You,2019-03-13,2019.0,86.0,4.39,534.0,Indie|Puzzle,Singleplayer|Full controller support|Steam Cloud|2D|Horror|Includes level editor|puzzles
4123,Batman: Arkham Asylum,Completed,8,Batman: Arkham Asylum,2009-08-25,2009.0,91.0,4.4,2310.0,Action,Exploration|Stealth|puzzles|hero|island
28623,Batman: Arkham City,Completed,9,Batman: Arkham City,2011-10-18,2011.0,94.0,4.41,2155.0,Action,Horror|Story|city|Soundtrack|Flight|prison|Skeletons
3287,Batman: Arkham Knight,Completed,8,Batman: Arkham Knight,2015-06-23,2015.0,81.0,4.24,2664.0,Action,Singleplayer|Steam Achievements|Full controller support|Steam Cloud|Atmospheric|steam-trading-cards|Story Rich|Open World|Third Person|Horror|Steam Leaderboards|Sandbox|Stealth|Dark|Mature|Beat 'em up|Detective|Comic Book|Superhero|Batman
2235,Batman: Arkham Origins,Completed,7,Batman: Arkham Origins,2013-10-25,2013.0,74.0,3.95,1581.0,Action,Singleplayer|Steam Achievements|Multiplayer|Full controller support|Steam Cloud|Atmospheric|steam-trading-cards|Story Rich|Open World|Third Person|Steam Leaderboards|Sandbox|Stealth|Action-Adventure|Controller|Third-Person Shooter|Beat 'em up|3D Vision|Detective|Comic Book|Superhero|Batman
4397,Battlefield 3,Completed,6,Battlefield 3,2011-10-25,2011.0,86.0,4.08,1359.0,Action|Shooter,Singleplayer|Multiplayer|Full controller support|Atmospheric|First-Person|FPS|Violent|Tactical|PvP|War|Team-Based|Military|Online PvP|Steam Trading Cards|Destruction
4388,Battlefield: Bad Company 2,Completed,6,Battlefield: Bad Company 2,2010-03-02,2010.0,87.0,4.13,911.0,Action|Shooter,Singleplayer|Multiplayer|Atmospheric|Co-op|Open World|cooperative|First-Person|FPS|Classic|Sandbox|Comedy|Tactical|War|Team-Based|Military|Destruction
4101,Bayonetta,Completed,9,Bayonetta,2009-06-23,2009.0,90.0,4.3,1153.0,Action|Adventure,Singleplayer|Steam Achievements|Full controller support|Steam Cloud|Atmospheric|steam-trading-cards|Great Soundtrack|Third Person|Fantasy|Gore|Classic|Female Protagonist|Comedy|Anime|Nudity|Hack and Slash|Mature|Fast-Paced|Sexual Content|Beat 'em up|Character Action Game|Spectacle fighter
10090,Beholder,Played,7,Beholder,2016-11-08,2016.0,75.0,3.8,723.0,Adventure|RPG|Strategy|Indie,Singleplayer|Steam Achievements|Full controller support|Steam Cloud|Atmospheric|steam-trading-cards|Great Soundtrack|RPG|Story Rich|2D|Horror|Violent|Stealth|Dark|Point & Click|Choices Matter|Multiple Endings|Dystopian|Political
15426,Black Mesa,Played,6,Black Mesa,2020-03-06,2020.0,86.0,4.35,1064.0,Action|Shooter|Indie,Singleplayer|Multiplayer|Atmospheric|Great Soundtrack|Co-op|Story Rich|First-Person|Sci-fi|Partial Controller Support|Horror|FPS|Classic|Online multiplayer|Early Access|Cross-Platform Multiplayer|Zombies|Includes level editor|exclusive|Captions available|Aliens|true exclusive|Remake|Includes Source SDK|Mod
10638,Book of Demons,Completed,6,Book of Demons,2018-12-13,2018.0,72.0,3.55,151.0,Action|Adventure|RPG|Casual|Indie,Singleplayer|Steam Achievements|Full controller support|Steam Cloud|steam-trading-cards|RPG|Fantasy|Action-Adventure|Action RPG|Controller|Early Access|stats|role-playing|Hack and Slash|Dark Fantasy|Isometric|Dungeon Crawler|Demons|Card Game
802,Borderlands 2,Completed,7,Borderlands 2,2012-09-18,2012.0,89.0,4.02,3291.0,Action|Shooter|RPG,Singleplayer|Steam Achievements|Multiplayer|Full controller support|Steam Cloud|Atmospheric|steam-trading-cards|RPG|Co-op|Open World|cooperative|Sci-fi|FPS|Online Co-Op|Funny|Comedy|Action RPG|Futuristic|Memes|Stylized|Dark Humor|Loot
16787,Bully: Scholarship Edition,Completed,9,Bully: Scholarship Edition,2008-03-04,2008.0,72.0,4.13,761.0,Action|Adventure,Singleplayer|Multiplayer|Atmospheric|Great Soundtrack|Story Rich|Open World|First-Person|Third Person|Partial Controller Support|Funny|Exploration|Classic|Sandbox|Comedy|Controller|Mature|Dark Humor|Satire
4535,Call of Duty 4: Modern Warfare,Completed,6,Call of Duty 4: Modern Warfare,2007-11-05,2007.0,92.0,4.39,1823.0,Action|Shooter,Singleplayer|Multiplayer|Atmospheric|Great Soundtrack|Co-op|Story Rich|cooperative|First-Person|FPS|Classic|Controller|PvP|Zombies|Moddable|War|Military|Competitive|Linear|Modern|campaign|first-person shooter
865,Call of Duty: Black Ops,Completed,7,Call of Duty: Black Ops,2010-11-09,2010.0,81.0,4.05,1855.0,Action|Shooter,Singleplayer|Steam Achievements|Multiplayer|Co-op|Story Rich|cooperative|First-Person|Partial Controller Support|Horror|FPS|Online Co-Op|Gore|Controller|Zombies|War|Military|Valve Anti-Cheat enabled|Linear|Cold War|first person shooter
14446,Call of Duty: Black Ops II,Completed,7,Call of Duty: Black Ops II,2012-11-13,2012.0,74.0,3.96,1422.0,Action|Shooter,Singleplayer|Steam Achievements|Multiplayer|Full controller support|Steam Cloud|Atmospheric|steam-trading-cards|Great Soundtrack|Co-op|cooperative|First-Person|Sci-fi|Horror|FPS|Online Co-Op|Steam Leaderboards|Survival|Controller|Tactical|Zombies|War|Team-Based|Futuristic|Valve Anti-Cheat enabled|Story|character|death
4527,Call of Duty: Modern Warfare 2,Completed,6,Call of Duty: Modern Warfare 2,2009-11-10,2009.0,86.0,4.27,2058.0,Shooter,Singleplayer|Steam Achievements|Multiplayer|Steam Cloud|Atmospheric|Great Soundtrack|Co-op|Story Rich|cooperative|First-Person|FPS|Online Co-Op|Tactical|PvP|Zombies|Moddable|War|Military|Valve Anti-Cheat enabled|Linear
11276,Call of Duty: Modern Warfare 3,Completed,6,Call of Duty: Modern Warfare 3,2011-11-08,2011.0,85.0,3.78,1631.0,Action|Shooter,Singleplayer|Steam Achievements|Multiplayer|Steam Cloud|Co-op|cooperative|First-Person|FPS|Online Co-Op|Survival|Controller|Zombies|War|Military|Valve Anti-Cheat enabled|Linear
884,Call of Duty: Modern Warfare Remastered,Completed,6,Call of Duty: Modern Warfare Remastered,2016-10-05,2016.0,86.0,3.97,1134.0,Action|Shooter,Singleplayer|Steam Achievements|Multiplayer|First-Person|FPS|Online Co-Op|Violent|Online multiplayer|War|Remake
5528,Call of Duty: World at War,Completed,5,Call of Duty: World at War,2008-11-11,2008.0,83.0,3.96,1198.0,Shooter,Singleplayer|Multiplayer|Great Soundtrack|Co-op|cooperative|First-Person|Horror|FPS|Online Co-Op|Gore|Classic|Survival|Zombies|Moddable|War|Historical|World War II|Tanks
4013,Call of Juarez: Gunslinger,Completed,6,Call of Juarez: Gunslinger,2013-05-14,2013.0,79.0,3.8,840.0,Action|Shooter,Singleplayer|Steam Achievements|Full controller support|Steam Cloud|Atmospheric|steam-trading-cards|Great Soundtrack|Story Rich|First-Person|FPS|Funny|Gore|Steam Leaderboards|Comedy|Historical|Linear|Narration|Alternate History|Western|Bullet Time|Dynamic Narration
481904,Card Shark,Uncategorized,5,Card Shark,2022-06-02,2022.0,80.0,3.96,46.0,Adventure|Simulation|Card|Indie,Singleplayer|Steam Achievements|Full controller support|Steam Cloud|Atmospheric|RPG|Story Rich|2D|Stealth|Point & Click|Mystery|Historical|Steam Trading Cards|Stylized|Hand-drawn|Narration|Card Game|Alternate History|console|Quick-Time Events|Interactive Fiction|Tutorial|Gambling|solitaire|qte|shark|casino
249954,Carrion,Played,5,Carrion,2020-07-23,2020.0,76.0,3.86,446.0,Action|Adventure|Indie,Singleplayer|Full controller support|Horror|Gore|Violent
22121,Celeste,Completed,8,Celeste,2018-01-25,2018.0,91.0,4.37,1685.0,Indie|Platformer,Singleplayer|Steam Achievements|Full controller support|Steam Cloud|Story Rich|2D|Horror|Female Protagonist|celeste|xna|miniboss|fna|towerfall|matt-makes-games|great-graphics|character-development
58812,Control,Completed,7,Control,2019-08-27,2019.0,84.0,4.15,2010.0,Action|Shooter|Adventure,Singleplayer|Full controller support|Atmospheric|Third Person|Sci-fi|Exploration|Female Protagonist|Action-Adventure|Cinematic|Metroidvania|3rd-Person Perspective|Detective|Supernatural|Abstract|realism|paranormal
19301,Counter-Strike,Played,5,Counter-Strike,2000-11-01,2000.0,88.0,4.05,1638.0,Action|Shooter,Multiplayer|First-Person|FPS|Classic|Survival|Tactical|PvP|Team-Based|Military|Competitive|Valve Anti-Cheat enabled|1990's|Assassin|1980s|Ninja|Score Attack|e-sports
4291,Counter-Strike: Global Offensive,Completed,5,Counter-Strike: Global Offensive,2012-08-21,2012.0,81.0,3.57,3608.0,Shooter,Steam Achievements|Multiplayer|Full controller support|steam-trading-cards|Co-op|cooperative|First-Person|FPS|Online Co-Op|Tactical|stats|Steam Workshop|PvP|Moddable|War|In-App Purchases|Realistic|Team-Based|Fast-Paced|Military|Competitive|Valve Anti-Cheat enabled|e-sports|Trading
11934,Counter-Strike: Source,Played,4,Counter-Strike: Source,2004-11-01,2004.0,88.0,3.75,1518.0,Shooter,Singleplayer|Steam Achievements|Multiplayer|Steam Cloud|Atmospheric|First-Person|FPS|Difficult|Sandbox|Survival|Tactical|stats|PvP|Cross-Platform Multiplayer|Moddable|War|Team-Based|Military|Competitive|Valve Anti-Cheat enabled|Includes Source SDK|e-sports
4581,Crysis,Completed,7,Crysis,2007-11-12,2007.0,91.0,4.01,1111.0,Action|Shooter,Singleplayer|Multiplayer|Atmospheric|Great Soundtrack|Story Rich|Open World|First-Person|Sci-fi|FPS|Classic|Sandbox|Stealth|Moddable|Futuristic|Aliens|Destruction|Benchmark
4489,Crysis 2,Completed,6,Crysis 2,2011-03-22,2011.0,85.0,3.85,730.0,Action|Shooter,Multiplayer|battle|race|environment|square|c
28154,Cuphead,Played,8,Cuphead,2017-09-29,2017.0,87.0,4.37,2022.0,Action|Indie|Platformer,Singleplayer|Steam Achievements|Full controller support|Steam Cloud|Great Soundtrack|Co-op|cooperative|2D|Funny|Difficult|Local Co-Op|Retro|Captions available|Colorful|Side Scroller|Shoot 'Em Up|Hand-drawn|Cartoony|Bullet Hell|Cartoon
41494,Cyberpunk 2077,Completed,8,Cyberpunk 2077,2020-12-10,2020.0,73.0,4.22,2940.0,Action|Shooter|RPG,Singleplayer|Atmospheric|Great Soundtrack|RPG|Story Rich|Open World|First-Person|Sci-fi|FPS|Exploration|Sandbox|Violent|Action-Adventure|Action RPG|role-playing|Nudity|Mature|Cinematic|Futuristic|Sexual Content|Cyberpunk|Crime|Robots|3rd-Person Perspective|Blood|America|Masterpiece|Soundtrack|Hacking|Role Playing Game|immersive|Photorealistic
3371,Dark Souls II: Scholar of the First Sin,Completed,8,Dark Souls II: Scholar of the First Sin,2015-04-01,2015.0,79.0,4.15,1214.0,Action|RPG,Singleplayer|Steam Achievements|Multiplayer|Full controller support|Atmospheric|RPG|Co-op|Story Rich|cooperative|Third Person|Fantasy|Difficult|Action RPG|Dark|PvP|Hack and Slash|Character Customization|Dark Fantasy|Medieval|Remake|Lore-Rich
2551,Dark Souls III,Completed,8,Dark Souls III,2016-04-11,2016.0,89.0,4.4,2756.0,Action|RPG,Singleplayer|Steam Achievements|Multiplayer|Full controller support|Atmospheric|steam-trading-cards|Great Soundtrack|RPG|Co-op|Story Rich|Open World|cooperative|Third Person|Horror|Exploration|Difficult|Action RPG|PvP|Character Customization|Replay Value|Dark Fantasy|Lore-Rich
51610,Dark Souls: Remastered,Completed,9,Dark Souls: Remastered,2018-05-23,2018.0,84.0,4.47,1451.0,Action|RPG,Singleplayer|Steam Achievements|Multiplayer|Full controller support|Atmospheric|Great Soundtrack|RPG|Co-op|Story Rich|Open World|cooperative|Third Person|Exploration|Difficult|Action RPG|Dark|Character Customization|Replay Value|Dark Fantasy|Mature|Lore-Rich
4502,Darksiders,Completed,7,Darksiders,2010-01-27,2010.0,83.0,3.76,1209.0,Action,Singleplayer|Steam Achievements|Steam Cloud|RPG|Open World|Third Person|Partial Controller Support|Fantasy|Gore|Action-Adventure|Action RPG|Controller|Hack and Slash|Post-apocalyptic|Beat 'em up|Metroidvania|3D Platformer|Character Action Game|Spectacle fighter
11726,Dead Cells,Played,7,Dead Cells,2018-08-07,2018.0,88.0,4.24,1726.0,Action|RPG|Indie|Platformer,Singleplayer|Steam Achievements|Full controller support|Steam Cloud|Atmospheric|Great Soundtrack|RPG|2D|Difficult|Pixel Graphics|Early Access|Hack and Slash|Replay Value|Side Scroller|Roguelike|Metroidvania|Roguelite|Procedural Generation|Perma Death
28492,Dead Island,Completed,6,Dead Island,2011-09-06,2011.0,74.0,3.48,1357.0,Action|Shooter|RPG,Zombies|character|friends|island|police|room
4031,Dead Island Riptide,Completed,6,Dead Island Riptide,2013-04-22,2013.0,60.0,3.42,473.0,Action|Shooter|Adventure,Horror|Zombies|character|island|ship|Solo|pack|bugs
4570,Dead Space (2008),Played,8,Dead Space (2008),2008-10-13,2008.0,86.0,4.38,2183.0,Action|Shooter,Singleplayer|Full controller support|Atmospheric|RPG|Story Rich|Third Person|Sci-fi|Horror|Gore|Survival|Third-Person Shooter|Dark|Space|Zombies|Survival Horror|controller support|Futuristic|Aliens|Silent Protagonist
3044,Deadpool,Completed,5,Deadpool,2013-06-25,2013.0,63.0,3.74,577.0,Action|Adventure,Singleplayer|Multiplayer|Story Rich|Open World|Third Person|Partial Controller Support|Funny|Gore|Comedy|Third-Person Shooter|Nudity|Hack and Slash|Mature|Memes|Beat 'em up|Dark Humor|Comic Book|Superhero
50738,Death Stranding,Completed,8,Death Stranding,2019-11-08,2019.0,84.0,4.32,2083.0,Action|Adventure,Singleplayer|Atmospheric|Great Soundtrack|Story Rich|Open World|Third Person|Sci-fi|Partial Controller Support|Horror|Exploration|Survival|Stealth|Action-Adventure|Nudity|Post-apocalyptic|Cinematic|Aliens|Memes|Walking Simulator|3rd-Person Perspective|Drama|Heist|Masterpiece
5540,Devil May Cry,Completed,6,Devil May Cry,2001-08-23,2001.0,84.0,4.04,385.0,Action,battle
262382,Disco Elysium,Completed,10,Disco Elysium,2019-10-14,2019.0,91.0,4.38,1313.0,Adventure|RPG|Indie,Singleplayer|RPG|Story Rich|role-playing|Isometric
4248,Dishonored,Completed,9,Dishonored,2012-09-25,2012.0,91.0,4.38,2711.0,Action|Adventure|RPG,Singleplayer|Steam Achievements|Full controller support|Steam Cloud|Atmospheric|RPG|Story Rich|Open World|First-Person|Sci-fi|FPS|Fantasy|Stealth|Dark|Replay Value|Magic|Multiple Endings|Dystopian|Steampunk|Assassin
10073,Divinity: Original Sin 2,Played,7,Divinity: Original Sin 2,2017-09-14,2017.0,95.0,4.38,1648.0,RPG|Strategy,Singleplayer|Multiplayer|Full controller support|Steam Cloud|Atmospheric|Great Soundtrack|RPG|Co-op|Story Rich|Open World|cooperative|Online Co-Op|Fantasy|Female Protagonist|Online multiplayer|Split Screen|Local Co-Op|Local Multiplayer|Early Access|role-playing|Character Customization|Turn-Based|Isometric|achievements|Turn-Based Combat|Turn-Based Tactics|CRPG|in development
44931,Do Not Feed the Monkeys,Completed,7,Do Not Feed the Monkeys,2018-10-22,2018.0,77.0,3.88,228.0,Adventure|Strategy|Simulation|Indie|Puzzle,Singleplayer|Steam Achievements|2D|Horror|Nudity
58777,DOOM Eternal,Completed,8,DOOM Eternal,2020-03-20,2020.0,86.0,4.37,1411.0,Action|Shooter,Singleplayer|Multiplayer|Atmospheric|Great Soundtrack|Co-op|First-Person|Sci-fi|Partial Controller Support|Horror|FPS|Gore|Violent|Online multiplayer|Fast-Paced|Blood|Demons
28559,Dragon Age: Inquisition,Completed,7,Dragon Age: Inquisition,2014-11-18,2014.0,86.0,3.8,1554.0,Action|RPG|Strategy,Singleplayer|Steam Achievements|Multiplayer|Full controller support|Atmospheric|Great Soundtrack|RPG|Co-op|Story Rich|Open World|Third Person|Online Co-Op|Fantasy|Female Protagonist|Action RPG|Nudity|War|Character Customization|Choices Matter|combat|Sexual Content|Steam Trading Cards|battle|character|Dragons|CRPG|explore|race|Classes
4639,Dragon Age: Origins,Completed,8,Dragon Age: Origins,2009-11-03,2009.0,91.0,4.39,1959.0,RPG,Singleplayer|Atmospheric|RPG|Story Rich|Open World|Third Person|Fantasy|Female Protagonist|Tactical|Character Customization|Choices Matter|Dark Fantasy|Multiple Endings|Loot|Real-Time with Pause|Romance|Dragons|Party-Based RPG
19430,Dragon Age: Origins Awakening,Completed,6,Dragon Age: Origins Awakening,2010-03-16,2010.0,82.0,4.46,418.0,RPG,Singleplayer|Atmospheric|RPG|Story Rich|Open World|Third Person|Fantasy|Female Protagonist|Tactical|Character Customization|Choices Matter|Dark Fantasy|Medieval|Multiple Endings|Real-Time with Pause|Romance|Dragons|Party-Based RPG
58084,DRAGON QUEST XI: Echoes of an Elusive Age,Currently playing,8,DRAGON QUEST XI: Echoes of an Elusive Age,2017-07-29,2017.0,91.0,4.31,374.0,RPG,Singleplayer|Steam Achievements|Full controller support|Steam Cloud|steam-trading-cards|Great Soundtrack|RPG|Story Rich|Fantasy|Anime|Turn-Based|JRPG|Turn-Based Combat
4032,Dragon's Dogma: Dark Arisen,Played,8,Dragon's Dogma: Dark Arisen,2013-04-23,2013.0,81.0,3.91,674.0,Action|Adventure|RPG,Singleplayer|Steam Achievements|Multiplayer|Full controller support|Steam Cloud|Atmospheric|steam-trading-cards|Great Soundtrack|RPG|Story Rich|Open World|Third Person|Fantasy|Exploration|Difficult|Steam Leaderboards|Action RPG|role-playing|Hack and Slash|Character Customization|controller support|Dark Fantasy|Magic|Walking Simulator|overlay|JRPG|achievements|Dragons|cloud saves|leaderboards
42215,Dying Light,Completed,7,Dying Light,2015-01-27,2015.0,74.0,4.1,1394.0,Action|Adventure|RPG,Horror|Survival|Zombies|Parkour|city|skill|night|environment|fast
14348,Dying Light: The Following - Enhanced Edition,Completed,6,Dying Light: The Following - Enhanced Edition,2015-01-26,2015.0,87.0,4.13,1101.0,Action|RPG,Singleplayer|Steam Achievements|Multiplayer|Full controller support|Steam Cloud|Atmospheric|steam-trading-cards|RPG|Co-op|Open World|cooperative|First-Person|Horror|FPS|Gore|Sandbox|Survival|Stealth|Steam Workshop|Zombies|Includes level editor|Survival Horror|Crafting|Parkour|Valve Anti-Cheat enabled
326243,Elden Ring,Completed,8,Elden Ring,2022-02-25,2022.0,95.0,4.39,1423.0,Action|RPG,Singleplayer|Steam Achievements|Multiplayer|Full controller support|Atmospheric|Great Soundtrack|RPG|Co-op|Open World|cooperative|Third Person|Online Co-Op|Fantasy|Difficult|Violent|Action RPG|PvP|3D|Dark Fantasy|Online PvP|Steam Trading Cards|Epic|Souls-like|history
327238,Empire of Sin,Played,4,Empire of Sin,2020-12-01,2020.0,56.0,2.78,60.0,RPG|Strategy,Singleplayer|Steam Achievements|Full controller support|RPG|role-playing|Turn-Based|Crime
2574,Enter the Gungeon,Played,7,Enter the Gungeon,2016-04-04,2016.0,84.0,4.07,1066.0,Action|Shooter|Indie,Singleplayer|Steam Achievements|Multiplayer|Full controller support|Steam Cloud|Great Soundtrack|Co-op|cooperative|Funny|Difficult|Split Screen|Local Co-Op|Action-Adventure|Pixel Graphics|controller support|Roguelike|Roguelite|Dungeon Crawler|Shoot 'Em Up|achievements|Loot|Bullet Hell|Top-Down Shooter|Twin Stick Shooter
326292,Fall Guys: Ultimate Knockout,Completed,6,Fall Guys: Ultimate Knockout,2020-08-04,2020.0,80.0,3.74,1342.0,Action|Sports|Casual|Massively Multiplayer|Indie,Steam Achievements|Full controller support|Online multiplayer|Cross-Platform Multiplayer
5562,Fallout 3,Completed,9,Fallout 3,2008-10-28,2008.0,91.0,4.08,1931.0,Shooter|RPG,Singleplayer|Atmospheric|RPG|Story Rich|Open World|First-Person|Third Person|Sci-fi|Partial Controller Support|Horror|FPS|Exploration|Sandbox|Female Protagonist|Action RPG|Moddable|Character Customization|Post-apocalyptic
3070,Fallout 4,Completed,8,Fallout 4,2015-11-09,2015.0,84.0,3.81,3395.0,Action|RPG,Singleplayer|Steam Achievements|Full controller support|Steam Cloud|Atmospheric|Great Soundtrack|RPG|Story Rich|Open World|First-Person|Third Person|Sci-fi|FPS|Exploration|Sandbox|Survival|Action RPG|Third-Person Shooter|Post-apocalyptic
559,Fallout Shelter,Completed,8,Fallout Shelter,2015-06-15,2015.0,63.0,3.42,1523.0,RPG|Simulation,Singleplayer|Steam Achievements|Multiplayer|Full controller support|Steam Cloud|Atmospheric|Great Soundtrack|RPG|2D|Horror|Funny|Sandbox|Survival|Free to Play|stats|role-playing|In-App Purchases|Post-apocalyptic|Crafting|Building|Management|Base Building
5563,Fallout: New Vegas,Completed,10,Fallout: New Vegas,2010-10-19,2010.0,84.0,4.42,2596.0,Action|Shooter|RPG,Singleplayer|Steam Achievements|Atmospheric|RPG|Story Rich|Open World|First-Person|Third Person|Sci-fi|Partial Controller Support|FPS|Exploration|Steam Leaderboards|Sandbox|Survival|Action RPG|Moddable|Character Customization|Post-apocalyptic|Western
19560,Far Cry,,6,Far Cry,2004-03-22,2004.0,89.0,3.9,868.0,Action|Shooter,Singleplayer|Multiplayer|Atmospheric|Great Soundtrack|Story Rich|Open World|cooperative|First-Person|Sci-fi|Horror|FPS|Difficult|Classic|Sandbox|Survival|Stealth|overlay
4161,Far Cry 3,Completed,8,Far Cry 3,2012-11-28,2012.0,88.0,4.25,2960.0,Action|Shooter,Singleplayer|Multiplayer|Atmospheric|RPG|Co-op|Story Rich|Open World|cooperative|First-Person|Partial Controller Support|FPS|Online Co-Op|Sandbox|Survival|Stealth|Nudity|Colorful|Crafting|Hunting
19375,Far Cry 3: Blood Dragon,Played,6,Far Cry 3: Blood Dragon,2013-04-30,2013.0,81.0,3.99,1118.0,Shooter,Singleplayer|Atmospheric|steam-trading-cards|Great Soundtrack|Open World|First-Person|Sci-fi|Partial Controller Support|FPS|Funny|Comedy|Stealth|Retro|Post-apocalyptic|Futuristic|Cyberpunk|Dragons|1980s|Parody
3497,Far Cry 4,Completed,7,Far Cry 4,2014-11-18,2014.0,80.0,3.82,1912.0,Shooter,Singleplayer|Multiplayer|Atmospheric|RPG|Co-op|Story Rich|Open World|cooperative|First-Person|Partial Controller Support|FPS|Online Co-Op|Exploration|Sandbox|Survival|Stealth|Action RPG|Crafting|Hunting
23585,Far Cry 5,Played,7,Far Cry 5,2018-03-27,2018.0,80.0,3.72,2150.0,Action|Shooter,Singleplayer|Multiplayer|Atmospheric|steam-trading-cards|Co-op|Story Rich|Open World|cooperative|First-Person|Partial Controller Support|FPS|Exploration|Female Protagonist|Survival|Stealth|Includes level editor|Character Customization|Captions available|Memes|Illuminati|America|Hunting|microtransactions
52939,Final Fantasy VII (1997),Completed,8,Final Fantasy VII (1997),1997-01-31,1997.0,83.0,4.37,1032.0,Action|Adventure|RPG,Singleplayer|Steam Achievements|Atmospheric|Great Soundtrack|RPG|Story Rich|Open World|Sci-fi|Partial Controller Support|Fantasy|Exploration|Classic|Retro|role-playing|Turn-Based|Turn-Based Strategy|Cyberpunk|Dystopian|JRPG|1990's|Party-Based RPG
494382,Final Fantasy XVI,Completed,7,Final Fantasy XVI,2023-06-22,2023.0,88.0,4.14,161.0,Action|RPG,Singleplayer|Steam Achievements|Full controller support|Steam Cloud|Atmospheric|Great Soundtrack|RPG|Story Rich|Third Person|Fantasy|Gore|Violent|Action RPG|exclusive|Captions available|3D|Dark Fantasy|Cinematic|Magic|Steam Trading Cards|JRPG|3rd-Person Perspective|Drama|Emotional|Family Sharing|Party-Based RPG|Spectacle fighter|HDR available
60817,Forager,Completed,6,Forager,2016-12-14,2016.0,78.0,4.03,224.0,Action|Adventure|RPG|Strategy|Simulation|Indie,Singleplayer|Full controller support|Great Soundtrack|RPG|Open World|2D|Exploration|Sandbox|Survival|Pixel Graphics|Replay Value|Crafting|Building|Management|Relaxing|Base Building|Resource Management|Agriculture
13570,Game Dev Tycoon,Completed,7,Game Dev Tycoon,2012-12-10,2012.0,68.0,4.0,755.0,Strategy|Simulation|Casual|Indie,Singleplayer|Steam Achievements|Steam Cloud|steam-trading-cards|Great Soundtrack|2D|Funny|Difficult|Sandbox|Comedy|Steam Workshop|Point & Click|Moddable|Replay Value|Isometric|Management|Economy|Touch-Friendly|GameMaker
1959,Goat Simulator,Completed,6,Goat Simulator,2014-04-01,2014.0,62.0,3.18,1193.0,Action|Simulation|Casual|Indie,Singleplayer|Steam Achievements|Full controller support|Steam Cloud|steam-trading-cards|Co-op|Open World|Third Person|Funny|Exploration|Steam Leaderboards|Sandbox|Comedy|Split Screen|Local Co-Op|Local Multiplayer|Steam Workshop|Includes level editor|Moddable|Family Friendly|Physics|Memes|MMORPG|Destruction
58175,God of War (2018),Completed,9,God of War (2018),2018-04-20,2018.0,94.0,4.55,5087.0,Action,Singleplayer|Steam Achievements|Full controller support|Steam Cloud|Atmospheric|RPG|Story Rich|Third Person|Fantasy|Gore|Exploration|Violent|Action-Adventure|Action RPG|Hack and Slash|exclusive|3D|Crafting|combat|true exclusive|3rd-Person Perspective|Blood|PvE|Emotional|Souls-like|Mythology|Remote Play on TV
29179,God of War I,Completed,8,God of War I,2005-03-22,2005.0,94.0,4.36,715.0,Action,Atmospheric|Story Rich|Hack and Slash|Blood|Mythology
39707,God of War II,Completed,9,God of War II,2007-03-13,2007.0,93.0,4.4,956.0,Action,War|Story|console|Mythology|history|murder|quick|god|numbers|santa
39039,God of War III,Completed,8,God of War III,2010-03-16,2010.0,92.0,4.4,742.0,Action,RPG|War|Story|character|Mythology|quick|god|slasher
3882,God of War: Ascension,Played,5,God of War: Ascension,2013-03-12,2013.0,80.0,3.84,377.0,Action,Action-Adventure|exclusive|true exclusive|3rd-Person Perspective|Blood
4459,Grand Theft Auto IV,Completed,8,Grand Theft Auto IV,2008-04-29,2008.0,95.0,4.26,3081.0,Action,Singleplayer|Multiplayer|Atmospheric|Co-op|Open World|cooperative|Third Person|Partial Controller Support|Funny|Gore|Classic|Sandbox|Third-Person Shooter|Moddable|Crime|Dark Humor|Satire|first person mod|Bowling
3498,Grand Theft Auto V,Completed,8,Grand Theft Auto V,2013-09-17,2013.0,92.0,4.47,7268.0,Action,Singleplayer|Steam Achievements|Multiplayer|Full controller support|Atmospheric|Great Soundtrack|RPG|Co-op|Open World|cooperative|First-Person|Third Person|Funny|Sandbox|Comedy|Third-Person Shooter|Moddable|Crime|vr mod
416,Grand Theft Auto: San Andreas,Completed,8,Grand Theft Auto: San Andreas,2004-10-26,2004.0,93.0,4.5,4008.0,Action,Singleplayer|Multiplayer|Atmospheric|Great Soundtrack|Story Rich|Open World|Third Person|Partial Controller Support|Funny|Classic|Sandbox|Comedy|Moddable|Mature|Crime|Driving|first person mod|Remote Play on Tablet|Remote Play on Phone|controversial|karaihb
430,Grand Theft Auto: Vice City,Completed,7,Grand Theft Auto: Vice City,2002-10-27,2002.0,94.0,4.44,3065.0,Action,Singleplayer|Multiplayer|Atmospheric|Great Soundtrack|Open World|Third Person|Partial Controller Support|Funny|Classic|Sandbox|Violent|Third-Person Shooter|Moddable|Mature|Crime|Driving|1980s|first person mod
13199,Graveyard Keeper,Played,6,Graveyard Keeper,2018-08-14,2018.0,68.0,3.72,435.0,Adventure|RPG|Strategy|Simulation|Casual|Indie,Singleplayer|Steam Achievements|Full controller support|2D|Retro|Zombies|role-playing|3D|Top-Down|Relaxing|Stylized|Procedural Generation|Cartoony|Cartoon|Noir|Board Game|Old School|Match 3|Logic|tabletop|nostalgia
29413,Grim Fandango,Completed,10,Grim Fandango,1998-10-14,1998.0,94.0,4.35,144.0,Adventure,
274755,Hades,Completed,8,Hades,2020-09-17,2020.0,93.0,4.42,2051.0,Action|Adventure|RPG|Indie,Singleplayer|Full controller support|Atmospheric|Great Soundtrack|RPG|Story Rich|2D|Fantasy|Action-Adventure|Action RPG|Early Access|Hack and Slash|Replay Value|Roguelike|Isometric|Roguelite|Dungeon Crawler|Hand-drawn|Perma Death|dungeons
37130,Halo 2,Played,5,Halo 2,2004-11-09,2004.0,84.0,4.38,372.0,Action|Shooter,gfwl
28448,Halo: Combat Evolved,Completed,5,Halo: Combat Evolved,2001-11-15,2001.0,90.0,4.31,441.0,Action|Shooter,combat|secrets|alien
10035,Hitman,Played,8,Hitman,2016-03-11,2016.0,83.0,3.93,2019.0,Action|Shooter|Simulation,Singleplayer|Full controller support|Atmospheric|Great Soundtrack|Story Rich|Open World|Third Person|Sandbox|Stealth|Tactical|Third-Person Shooter|Nudity|Crime|Assassin|Episodic|Illuminati|Heist
58654,Hitman 2,Played,8,Hitman 2,2018-11-13,2018.0,83.0,4.05,1220.0,Action|Shooter,Singleplayer|Multiplayer|Great Soundtrack|Co-op|Open World|cooperative|Third Person|Gore|Sandbox|Violent|Stealth|Nudity|3rd-Person Perspective|Assassin
5583,Hitman: Absolution,Completed,7,Hitman: Absolution,2012-11-19,2012.0,79.0,3.75,1640.0,Action|Shooter,Singleplayer|Multiplayer|Atmospheric|Story Rich|Third Person|Partial Controller Support|Difficult|Stealth|Controller|Tactical|Third-Person Shooter|Replay Value|Cinematic|Crime|Linear|Assassin|Score Attack
19569,Hitman: Blood Money,Played,8,Hitman: Blood Money,2006-05-29,2006.0,82.0,4.31,1040.0,Action|Shooter,Singleplayer|Atmospheric|Great Soundtrack|First-Person|Third Person|Difficult|Classic|Sandbox|Stealth|Third-Person Shooter|Dark|Replay Value|Crime|Assassin|Cult Classic
9767,Hollow Knight,Completed,8,Hollow Knight,2017-02-23,2017.0,88.0,4.4,2692.0,Action|Indie|Platformer,Singleplayer|Steam Achievements|Full controller support|Steam Cloud|Atmospheric|steam-trading-cards|Great Soundtrack|Story Rich|Open World|2D|Exploration|Difficult|Controller|Cute|controller support|Dark Fantasy|Side Scroller|Multiple Endings|Metroidvania|Hand-drawn|Gothic
3612,Hotline Miami,Played,8,Hotline Miami,2012-10-22,2012.0,85.0,4.38,2627.0,Action|Shooter|Arcade|Indie,Singleplayer|Steam Achievements|Atmospheric|steam-trading-cards|Great Soundtrack|2D|Partial Controller Support|Gore|Difficult|Violent|Pixel Graphics|Retro|controller support|Fast-Paced|Top-Down|overlay|Surreal|Music|Top-Down Shooter|1980s|Psychedelic
9459,House Flipper,Played,5,House Flipper,2018-05-16,2018.0,62.0,3.83,343.0,Adventure|Simulation|Indie,Singleplayer|Steam Achievements|Building|VR|Education|lifestyle
1450,INSIDE,Completed,8,INSIDE,2016-06-28,2016.0,87.0,4.39,2561.0,Action|Adventure|Indie|Puzzle|Platformer,Singleplayer|Steam Achievements|Full controller support|Steam Cloud|Atmospheric|Great Soundtrack|Story Rich|Sci-fi|Horror|Stealth|Dark|controller support|Mystery|Short|Dystopian|achievements|Puzzle-Platformer|2.5D|european|Oyun Kumandası Desteği|Steam Başarımları|Tek Oyunculu
19685,Just Cause,Completed,6,Just Cause,2006-09-22,2006.0,75.0,3.29,444.0,Action|Shooter,Singleplayer|Multiplayer|Atmospheric|Open World|Third Person|Classic|Sandbox|Third-Person Shooter
4513,Just Cause 2,Completed,7,Just Cause 2,2010-03-23,2010.0,84.0,3.62,1360.0,Action|Shooter,Singleplayer|Steam Achievements|Multiplayer|Full controller support|Steam Cloud|Atmospheric|Co-op|Open World|cooperative|Third Person|FPS|Funny|Exploration|Sandbox|Comedy|Third-Person Shooter|Moddable|Physics|3D Vision|Destruction
3017,Just Cause 3,Played,7,Just Cause 3,2015-11-30,2015.0,74.0,3.41,1573.0,Action|Shooter,Singleplayer|Steam Achievements|Multiplayer|Full controller support|Atmospheric|steam-trading-cards|Great Soundtrack|RPG|Co-op|Open World|cooperative|Third Person|Funny|Exploration|Sandbox|Comedy|Third-Person Shooter|Moddable|Physics|Parkour|Destruction
13856,Katana ZERO,Completed,8,Katana ZERO,2019-04-17,2019.0,83.0,4.39,1129.0,Action|Indie|Platformer,Singleplayer|Steam Achievements|Full controller support|Great Soundtrack|2D|Pixel Graphics|Retro|combat|Cyberpunk|Story|death|Traps|dodge|dash
28172,Kingdom Come: Deliverance,Completed,8,Kingdom Come: Deliverance,2018-02-13,2018.0,71.0,4.04,1440.0,Action|Adventure|RPG,Singleplayer|Steam Achievements|Full controller support|Atmospheric|Great Soundtrack|RPG|Story Rich|Open World|First-Person|Choices Matter|Realistic|Historical|Medieval|Kickstarter|Choose Your Own Adventure|CRPG|Swordplay|Crowdfunded|Horses|Einzelspieler|Steam-Errungenschaften|Volle Controllerunterstützung
271,Kingdom: New Lands,Completed,8,Kingdom: New Lands,2015-10-21,2015.0,80.0,3.88,371.0,Strategy|Simulation|Arcade|Casual|Indie,Singleplayer|Steam Achievements|Full controller support|Steam Cloud|Atmospheric|steam-trading-cards|Great Soundtrack|Open World|2D|Fantasy|Exploration|Survival|Pixel Graphics|controller support|Side Scroller|Roguelike|Building|Medieval|overlay|Base Building|Tower Defense
58766,Kingdom: Two Crowns,Completed,8,Kingdom: Two Crowns,2018-12-10,2018.0,85.0,4.14,194.0,Adventure|RPG|Strategy|Simulation|Indie,Singleplayer|Full controller support|Atmospheric|Great Soundtrack|Co-op|Open World|cooperative|2D|Online Co-Op|Fantasy|Exploration|Survival|Split Screen|Local Co-Op|Pixel Graphics|Controller|role-playing|Side Scroller|Roguelike|Building|Medieval|Base Building|Tower Defense
4185,Kingdoms of Amalur: Reckoning,Played,7,Kingdoms of Amalur: Reckoning,2012-02-07,2012.0,81.0,3.61,475.0,Action|Adventure|RPG,Singleplayer|Steam Achievements|Steam Cloud|Atmospheric|Great Soundtrack|RPG|Story Rich|Open World|Third Person|Partial Controller Support|Fantasy|Exploration|Sandbox|Female Protagonist|Action RPG|Controller|Hack and Slash|Character Customization|Crafting|Magic|Loot
4514,L.A. Noire,Played,7,L.A. Noire,2011-05-17,2011.0,83.0,4.16,2058.0,Action|Adventure,Singleplayer|Atmospheric|RPG|Story Rich|Open World|Third Person|Partial Controller Support|Third-Person Shooter|Nudity|Mystery|Mature|Cinematic|Crime|3D Vision|Detective|Noir|Investigation
4882,Lara Croft and the Guardian of Light,Completed,5,Lara Croft and the Guardian of Light,2010-08-05,2010.0,82.0,3.43,500.0,Action|Adventure,Singleplayer|Steam Achievements|Multiplayer|Steam Cloud|Co-op|cooperative|Third Person|Partial Controller Support|Online Co-Op|Exploration|Difficult|Steam Leaderboards|Female Protagonist|Split Screen|Local Co-Op|Controller|Local Multiplayer|stats|Isometric|Puzzle-Platformer|Twin Stick Shooter|Lara Croft
2792,Layers of Fear,Completed,3,Layers of Fear,2016-02-16,2016.0,72.0,3.54,1119.0,Adventure|Indie,Singleplayer|Steam Achievements|Full controller support|Steam Cloud|Atmospheric|steam-trading-cards|Great Soundtrack|Story Rich|First-Person|Partial Controller Support|Horror|Exploration|Dark|Point & Click|Survival Horror|Mystery|Short|Mature|Walking Simulator|Multiple Endings|Surreal|Emotional|Interactive Fiction|Supernatural|Lovecraftian|Psychedelic|Narrative|immersive
12020,Left 4 Dead 2,Completed,8,Left 4 Dead 2,2009-11-17,2009.0,89.0,4.09,3381.0,Action|Shooter,Singleplayer|Steam Achievements|Multiplayer|Full controller support|Steam Cloud|steam-trading-cards|Co-op|cooperative|First-Person|Horror|FPS|Online Co-Op|Gore|Survival|Local Co-Op|Tactical|stats|Steam Workshop|Zombies|Moddable|Survival Horror|Post-apocalyptic|Captions available|Replay Value|Team-Based|Valve Anti-Cheat enabled|Commentary available|Includes Source SDK
16543,LEGO Batman,Completed,7,LEGO Batman,2008-09-23,2008.0,80.0,3.76,481.0,Action|Family,Singleplayer|Multiplayer|Full controller support|Co-op|cooperative|Third Person|Funny|Comedy|Free to Play|Split Screen|Local Co-Op|Controller|Local Multiplayer|Family Friendly|controller support|Comic Book|Superhero|Batman|LEGO
3191,Mad Max,Played,6,Mad Max,2015-08-31,2015.0,73.0,3.78,1743.0,Action|Adventure,Singleplayer|Multiplayer|Full controller support|Atmospheric|RPG|Open World|First-Person|Third Person|Exploration|Sandbox|Survival|Third-Person Shooter|War|Post-apocalyptic|Driving|movie-based
1416,Mafia II,Played,7,Mafia II,2010-08-24,2010.0,77.0,4.24,2190.0,Action|Shooter,Singleplayer|Steam Achievements|Multiplayer|Atmospheric|Great Soundtrack|RPG|Story Rich|Open World|Third Person|Partial Controller Support|Classic|Sandbox|Third-Person Shooter|Nudity|Crime|3D Vision|Driving|Music|America
442854,Mafia: Definitive Edition,Completed,6,Mafia: Definitive Edition,2020-09-25,2020.0,78.0,4.24,1096.0,Action|Shooter,Singleplayer|Steam Achievements|Full controller support|Atmospheric|Story Rich|Open World|Third Person|Gore|Classic|Violent|Third-Person Shooter|Sexual Content|Crime|Remake|Driving|first person mod|mafia
30899,Mafia: The City of Lost Heaven,Completed,7,Mafia: The City of Lost Heaven,2002-08-28,2002.0,88.0,4.35,1304.0,Action,Singleplayer|Story Rich|Open World|Third Person|Classic|Violent|Action-Adventure|mafia|1930s|30s
58134,Marvel's Spider-Man,Completed,8,Marvel's Spider-Man,2018-09-07,2018.0,87.0,4.45,3670.0,Action,Singleplayer|Atmospheric|Open World|Exploration|Action-Adventure|exclusive|Cinematic|Beat 'em up|true exclusive|3rd-Person Perspective|Comic Book|America|Superhero|new york
2518,Max Payne,Completed,7,Max Payne,2001-07-25,2001.0,89.0,4.45,2028.0,Action|Shooter,Singleplayer|Classic|Third-Person Shooter|Noir|first person mod
57607,Metal Gear Solid,Completed,6,Metal Gear Solid,1998-09-03,1998.0,94.0,4.39,1144.0,Action,Singleplayer|exclusive
35020,Metal Gear Solid 2: Substance,Completed,10,Metal Gear Solid 2: Substance,2002-11-05,2002.0,82.0,4.46,349.0,Action|Shooter,Singleplayer|Atmospheric|Exploration|Stealth|Action-Adventure|Mature|Cinematic|3rd-Person Perspective
52369,Metal Gear Solid 3: Snake Eater,Completed,9,Metal Gear Solid 3: Snake Eater,2004-11-17,2004.0,84.0,4.36,885.0,Action,Stealth
3469,Metal Gear Solid 4: Guns of the Patriots,Completed,9,Metal Gear Solid 4: Guns of the Patriots,2008-06-12,2008.0,94.0,4.38,666.0,Action|Shooter,exclusive|true exclusive
3747,Metal Gear Solid V: Ground Zeroes,Completed,7,Metal Gear Solid V: Ground Zeroes,2014-03-18,2014.0,80.0,3.9,1707.0,Action|Shooter,Singleplayer|Steam Achievements|Full controller support|Steam Cloud|Atmospheric|Great Soundtrack|Story Rich|Open World|Third Person|Steam Leaderboards|Classic|Sandbox|Comedy|Stealth|Tactical|Third-Person Shooter|Dark|Replay Value|Short|Cinematic|Cold War
3192,Metal Gear Solid V: The Phantom Pain,Completed,9,Metal Gear Solid V: The Phantom Pain,2015-09-01,2015.0,91.0,4.16,2517.0,Action|Shooter,Singleplayer|Steam Achievements|Multiplayer|Full controller support|Steam Cloud|Atmospheric|steam-trading-cards|Great Soundtrack|Story Rich|Open World|Third Person|Sci-fi|Steam Leaderboards|Sandbox|Stealth|Tactical|Third-Person Shooter|Dark|Captions available|Replay Value|Cinematic|Heist|Horses
11973,Middle-earth: Shadow of Mordor,Completed,6,Middle-earth: Shadow of Mordor,2014-09-30,2014.0,85.0,3.91,2539.0,Action|RPG,Singleplayer|Steam Achievements|Full controller support|Steam Cloud|Atmospheric|steam-trading-cards|RPG|Story Rich|Open World|Third Person|Fantasy|Gore|Sandbox|Stealth|Action RPG|Hack and Slash|Dark Fantasy|Magic|Parkour|Assassin|Lore-Rich|Based On A Novel|steam|category|microtranzations
22509,Minecraft,Completed,8,Minecraft,2009-05-10,2009.0,83.0,4.43,3076.0,Action|Simulation|Arcade|Massively Multiplayer|Indie,Multiplayer|Sandbox|3D|Crafting|Building|vr mod|open-world|cube|modding|procedural-generation
4252,Mirror's Edge,Played,6,Mirror's Edge,2008-11-11,2008.0,81.0,4.07,2366.0,Action,Singleplayer|Full controller support|Atmospheric|Great Soundtrack|First-Person|Sci-fi|Partial Controller Support|Classic|Female Protagonist|Short|Colorful|Futuristic|Parkour|Dystopian|Stylized|Time Attack|european
17037,Monaco: What's Yours Is Mine,Completed,6,Monaco: What's Yours Is Mine,2013-04-24,2013.0,83.0,2.99,364.0,Action|Strategy|Casual|Indie,Singleplayer|Steam Achievements|Multiplayer|Full controller support|Steam Cloud|steam-trading-cards|Great Soundtrack|Co-op|2D|Online Co-Op|Steam Leaderboards|Stealth|Split Screen|Local Co-Op|Pixel Graphics|Controller|Local Multiplayer|Steam Workshop|Cross-Platform Multiplayer|Includes level editor|Crime|Top-Down|Loot|Heist
46889,Monster Hunter: World,Played,7,Monster Hunter: World,2018-01-26,2018.0,89.0,4.01,1622.0,Action|Adventure|RPG,Singleplayer|Multiplayer|Atmospheric|Great Soundtrack|RPG|Co-op|Open World|cooperative|Third Person|Partial Controller Support|Online Co-Op|Fantasy|Exploration|Difficult|Action-Adventure|Action RPG|stats|Hack and Slash|Character Customization|Replay Value|JRPG|3rd-Person Perspective|Souls-like|Hunting|Dinosaurs|Monsters|atmosphere
22162,Moonlighter,Played,6,Moonlighter,2018-05-28,2018.0,82.0,3.74,494.0,Action|Adventure|Indie,Singleplayer|Full controller support|2D|Pixel Graphics|role-playing|Roguelite|Dungeon Crawler
10069,Mount & Blade II: Bannerlord,Completed,8,Mount & Blade II: Bannerlord,2022-10-25,2022.0,78.0,4.24,294.0,Action|RPG|Strategy|Simulation,Singleplayer|Multiplayer|Great Soundtrack|RPG|Co-op|Open World|cooperative|First-Person|Third Person|Sandbox|role-playing|Moddable|War|Character Customization|Realistic|Historical|Medieval|Horses
1299,Mount & Blade: Warband,Completed,10,Mount & Blade: Warband,2010-03-30,2010.0,78.0,4.35,734.0,Action|RPG|Strategy,Singleplayer|Steam Achievements|Multiplayer|steam-trading-cards|RPG|Open World|First-Person|Third Person|Fantasy|Sandbox|Steam Workshop|role-playing|Moddable|Hack and Slash|Realistic|Historical|Medieval|Military|overlay|Horses
16817,Mount & Blade: With Fire & Sword,Completed,6,Mount & Blade: With Fire & Sword,2009-12-04,2009.0,68.0,3.86,226.0,Action|RPG,Singleplayer|Steam Achievements|Multiplayer|RPG|Open World|First-Person|Third Person|Sandbox|Action RPG|role-playing|Moddable|War|Character Customization|Historical|Medieval|overlay|Based On A Novel|Horses
11663,My Friend Pedro,Completed,6,My Friend Pedro,2019-06-19,2019.0,76.0,3.87,744.0,Action|Shooter|Adventure|Arcade|Indie,Singleplayer|2D|Partial Controller Support|Gore|Violent
41498,Need for Speed: Most Wanted - A Criterion Game,Completed,5,Need for Speed: Most Wanted - A Criterion Game,2012-10-30,2012.0,82.0,3.36,638.0,Racing|Arcade,Singleplayer|Multiplayer|Open World|First-Person|Third Person|PvP|Competitive|Online PvP|Steam Trading Cards|Driving|Vehicular Combat|Automobile Sim|street racing
29180,Ni no Kuni II: Revenant Kingdom,Completed,6,Ni no Kuni II: Revenant Kingdom,2018-03-23,2018.0,82.0,3.88,433.0,Adventure|RPG,Singleplayer|Steam Achievements|Great Soundtrack|RPG|Story Rich|Fantasy|Anime|Cute|JRPG|Dungeon Crawler
19590,Ori and the Blind Forest,Completed,6,Ori and the Blind Forest,2015-03-10,2015.0,88.0,4.38,1523.0,Adventure|Platformer,Singleplayer|Steam Achievements|Full controller support|Steam Cloud|Atmospheric|steam-trading-cards|Great Soundtrack|RPG|Story Rich|Open World|2D|Fantasy|Exploration|Difficult|stats|Family Friendly|Cute|Side Scroller|Metroidvania|2.5D
58764,Outer Wilds,Completed,9,Outer Wilds,2019-05-29,2019.0,84.0,4.36,868.0,Adventure|Indie|Puzzle,Space|Surreal|vr mod|planetary
3790,Outlast,Completed,6,Outlast,2013-09-03,2013.0,80.0,3.75,1844.0,Action|Indie,Singleplayer|Steam Achievements|Full controller support|Steam Cloud|Atmospheric|steam-trading-cards|First-Person|Sci-fi|Horror|FPS|Gore|Difficult|Survival|Stealth|Dark|Nudity|Survival Horror|controller support|Captions available|Walking Simulator|Parkour|3D Vision
2115,Overcooked,Completed,7,Overcooked,2016-08-01,2016.0,81.0,4.07,1349.0,Simulation|Arcade|Casual|Indie,Singleplayer|Steam Achievements|Multiplayer|Full controller support|Steam Cloud|steam-trading-cards|Great Soundtrack|Co-op|cooperative|Funny|Difficult|Split Screen|Local Co-Op|Local Multiplayer|Family Friendly|Colorful|Memes|4 Player Local|Co-op Campaign
1358,"Papers, Please",Completed,8,"Papers, Please",2013-08-08,2013.0,85.0,4.38,1755.0,Simulation|Educational|Indie|Puzzle,Singleplayer|Steam Achievements|Steam Cloud|Atmospheric|steam-trading-cards|Great Soundtrack|Story Rich|2D|Difficult|Steam Leaderboards|Pixel Graphics|stats|Retro|Point & Click|War|Replay Value|Multiple Endings|Dystopian|Surreal|Political|work|historical-fiction
2503,Party Hard,Completed,7,Party Hard,2015-08-24,2015.0,64.0,3.51,276.0,Action|Strategy|Arcade|Fighting|Indie,Singleplayer|Steam Achievements|Full controller support|steam-trading-cards|Great Soundtrack|Co-op|Story Rich|2D|Horror|Funny|Gore|Difficult|Comedy|Violent|Stealth|Split Screen|Local Co-Op|Pixel Graphics|Retro|controller support|Crime|Top-Down|overlay|achievements|Dark Humor|Villain Protagonist
10533,Path of Exile,Played,6,Path of Exile,2013-10-23,2013.0,86.0,3.65,1635.0,Action|RPG|Massively Multiplayer|Indie,Singleplayer|Steam Achievements|Multiplayer|steam-trading-cards|RPG|Co-op|cooperative|Online Co-Op|Fantasy|Free to Play|Online multiplayer|Action RPG|Hack and Slash|In-App Purchases|Character Customization|Dark Fantasy|mmo|Dungeon Crawler|MMORPG|PvE|Loot|Inventory Management|Fishing
3939,PAYDAY 2,Completed,8,PAYDAY 2,2013-08-13,2013.0,79.0,3.52,2231.0,Action|Shooter,Singleplayer|Steam Achievements|Multiplayer|Full controller support|steam-trading-cards|Great Soundtrack|Co-op|cooperative|First-Person|FPS|Online Co-Op|Funny|Stealth|Tactical|In-App Purchases|Team-Based|Crime|PvE|Heist|Gun Customization
4186,Persona 4 Golden,Completed,10,Persona 4 Golden,2012-11-20,2012.0,89.0,4.44,595.0,RPG,Singleplayer|Steam Achievements|Full controller support|Steam Cloud|Great Soundtrack|RPG|Story Rich|Violent|Anime|exclusive|Mystery|Colorful|Turn-Based Strategy|Sexual Content|Multiple Endings|Steam Trading Cards|Visual Novel|JRPG|Detective|Turn-Based Combat|Emotional|Dating Sim|Party-Based RPG
339958,Persona 5 Royal,Completed,9,Persona 5 Royal,2020-03-31,2020.0,94.0,4.75,515.0,Adventure|RPG,Singleplayer|Steam Achievements|Full controller support|Steam Cloud|Great Soundtrack|RPG|Story Rich|Violent|Anime|Colorful|Turn-Based Strategy|Sexual Content|Multiple Endings|Steam Trading Cards|Visual Novel|JRPG|Detective|Turn-Based Combat|Emotional|Heist|Dating Sim|Party-Based RPG|Soundtrack
15056,Police Stories,Played,6,Police Stories,2019-09-18,2019.0,71.0,3.53,73.0,Action|Shooter|Strategy|Simulation|Indie,Singleplayer|Steam Achievements|Full controller support|Atmospheric|steam-trading-cards|Great Soundtrack|2D|Gore|Difficult|Steam Leaderboards|Violent|Pixel Graphics|Retro|Top-Down|Music|America|Top-Down Shooter
17741,Pony Island,Completed,7,Pony Island,2016-01-04,2016.0,86.0,3.95,343.0,Adventure|Arcade|Indie|Puzzle,Singleplayer|Steam Achievements|Atmospheric|steam-trading-cards|Great Soundtrack|Story Rich|2D|Horror|Funny|Gore|Pixel Graphics|stats|Dark|Cute|Short|Memes|Demons|Hacking|Experimental|Horses
13536,Portal,Played,8,Portal,2007-10-09,2007.0,90.0,4.49,4954.0,Action|Puzzle,Singleplayer|Steam Achievements|Atmospheric|Great Soundtrack|Story Rich|First-Person|Sci-fi|Partial Controller Support|FPS|Funny|Classic|Female Protagonist|Comedy|Includes level editor|Captions available|Short|Physics|Dark Humor|Commentary available|Includes Source SDK|Science
4200,Portal 2,Completed,9,Portal 2,2011-04-18,2011.0,95.0,4.58,6028.0,Shooter|Puzzle,Singleplayer|Steam Achievements|Multiplayer|Full controller support|Steam Cloud|Atmospheric|steam-trading-cards|Co-op|Story Rich|cooperative|First-Person|Sci-fi|FPS|Online Co-Op|Funny|Female Protagonist|Comedy|Local Co-Op|stats|Steam Workshop|Space|Includes level editor|Captions available|Commentary available|Science
39,Prey,Played,8,Prey,2017-05-05,2017.0,80.0,4.28,2226.0,Action|Shooter|RPG,Singleplayer|Steam Achievements|Full controller support|Steam Cloud|Atmospheric|steam-trading-cards|Great Soundtrack|RPG|Story Rich|Open World|First-Person|Sci-fi|Horror|FPS|Exploration|Violent|Stealth|Space|Survival Horror|Futuristic|Aliens|Heist|Immersive Sim
12320,Prison Architect,Played,7,Prison Architect,2015-10-05,2015.0,83.0,3.73,586.0,Strategy|Simulation|Indie,Singleplayer|Steam Achievements|Steam Cloud|steam-trading-cards|2D|Funny|Sandbox|Comedy|Steam Workshop|Includes level editor|Moddable|Replay Value|Building|RTS|Top-Down|Management|overlay|achievements|Base Building|Resource Management|Economy|City Builder
4923,Prototype,Completed,7,Prototype,2009-06-09,2009.0,79.0,3.8,1057.0,Action|Adventure|Strategy|Casual,Singleplayer|Steam Achievements|Atmospheric|RPG|Story Rich|Open World|Third Person|Sci-fi|Horror|FPS|Gore|Sandbox|Violent|Stealth|Action-Adventure|Controller|Zombies|Hack and Slash|3D|RTS|Parkour|Robots|3D Platformer|Destruction|Loot|Turn-Based Tactics|Superhero|Cartoon|Arena Shooter|Rhythm|Real Time Tactics|Abstract|Арена-шутер|Outbreak Sim
3226,Prototype 2,Completed,7,Prototype 2,2012-04-24,2012.0,76.0,3.79,607.0,Action|Adventure,Singleplayer|Steam Achievements|Multiplayer|Steam Cloud|Atmospheric|RPG|Co-op|Story Rich|Open World|Third Person|Sci-fi|Horror|Gore|Steam Leaderboards|Sandbox|Violent|Stealth|stats|Zombies|Hack and Slash|Parkour|Superhero
2361,Psychonauts,Currently playing,8,Psychonauts,2005-04-01,2005.0,87.0,4.04,977.0,Action|Platformer,Singleplayer|Steam Achievements|Steam Cloud|steam-trading-cards|Great Soundtrack|Story Rich|Third Person|Partial Controller Support|Funny|Exploration|Classic|Comedy|Action-Adventure|Cute|3D|3D Vision|Surreal|3D Platformer|Cartoony|Cult Classic|Psychological
54,Punch Club,Completed,7,Punch Club,2016-01-07,2016.0,73.0,3.66,377.0,RPG|Strategy|Simulation|Sports|Fighting|Indie,Singleplayer|Steam Achievements|Steam Cloud|Atmospheric|steam-trading-cards|Great Soundtrack|RPG|Story Rich|2D|Funny|Difficult|Pixel Graphics|Retro|role-playing|Captions available|Management|2D Fighter
2553,Ratchet & Clank,Completed,7,Ratchet & Clank,2016-04-12,2016.0,85.0,4.05,1458.0,Action|Shooter|Adventure,Action-Adventure|exclusive|true exclusive
3771,Rayman Legends,Completed,8,Rayman Legends,2013-08-29,2013.0,89.0,4.16,1560.0,Platformer,Singleplayer|Atmospheric|Great Soundtrack|Co-op|cooperative|2D|Funny|Difficult|Comedy|Split Screen|Local Co-Op|Controller|Local Multiplayer|Family Friendly|Side Scroller|Fast-Paced|3D Vision|Music|4 Player Local|4 giocatori divano
4544,Red Dead Redemption,Completed,8,Red Dead Redemption,2010-05-18,2010.0,95.0,4.42,2173.0,Action|Shooter,Singleplayer|Steam Achievements|Multiplayer|Full controller support|Atmospheric|Great Soundtrack|Story Rich|Open World|Third Person|Gore|Classic|Action-Adventure|Third-Person Shooter|Zombies|Nudity|3D|combat|Sexual Content|Blood|Narration|Family Sharing|Western|shoot|HDR available|waves|nightmare|clone
28,Red Dead Redemption 2,Completed,9,Red Dead Redemption 2,2018-10-26,2018.0,96.0,4.59,5409.0,Action,Singleplayer|Multiplayer|Atmospheric|Great Soundtrack|Co-op|Story Rich|Open World|First-Person|Third Person|Partial Controller Support|FPS|Online Co-Op|Gore|Exploration|Sandbox|Violent|Third-Person Shooter|PvP|In-App Purchases|Realistic|Mature|Cinematic|Historical|Crime|Online PvP|3rd-Person Perspective|Blood|America|Masterpiece|Beautiful|Hunting|Western|3rd-person
58813,Resident Evil 2,Completed,8,Resident Evil 2,2019-01-25,2019.0,91.0,4.5,2240.0,Action|Shooter|Adventure,Atmospheric|Horror|Action-Adventure|Zombies|Survival Horror|Remake|quest
56184,Resident Evil 4 (2005),Played,8,Resident Evil 4 (2005),2005-01-11,2005.0,83.0,4.4,1828.0,Action|Shooter,Singleplayer|Steam Achievements|Full controller support|Steam Cloud|Atmospheric|steam-trading-cards|Great Soundtrack|Third Person|Sci-fi|Horror|Gore|Difficult|Steam Leaderboards|Classic|Survival|Third-Person Shooter|Zombies|Survival Horror|Captions available|Replay Value|Remake|Quick-Time Events|Inventory Management|tank controls|first person shooter|survival-horror-game
480,Resident Evil 7: Biohazard,Completed,7,Resident Evil 7: Biohazard,2017-01-23,2017.0,85.0,4.33,1958.0,Action|Shooter|Adventure,Singleplayer|Steam Achievements|Multiplayer|Full controller support|Steam Cloud|Atmospheric|steam-trading-cards|Story Rich|First-Person|Horror|FPS|Gore|Exploration|Classic|Survival|Violent|Action-Adventure|Zombies|Survival Horror|Cinematic|Memes|VR|Detective|America
452649,Resident Evil: Village,Completed,8,Resident Evil: Village,2021-05-07,2021.0,83.0,4.38,1013.0,Action|Adventure,Singleplayer|Steam Achievements|Multiplayer|Full controller support|Atmospheric|Story Rich|Open World|First-Person|Horror|FPS|Gore|Survival|Violent|Dark|Zombies|Nudity|Survival Horror|Sexual Content|Steam Trading Cards|Dating Sim|evil
428839,Rogue Legacy 2,Completed,7,Rogue Legacy 2,2022-04-28,2022.0,88.0,3.99,161.0,Action|Adventure|RPG|Indie,Singleplayer|Full controller support|RPG|Difficult|Roguelike|Metroidvania|Roguelite|Action Roguelike|Roguevania
3931,Saints Row IV,Completed,7,Saints Row IV,2013-08-20,2013.0,86.0,3.82,1629.0,Action|Adventure,Singleplayer|Multiplayer|Full controller support|Steam Cloud|Great Soundtrack|Co-op|Open World|cooperative|Third Person|Sci-fi|Online Co-Op|Funny|Sandbox|Female Protagonist|Comedy|Third-Person Shooter|Character Customization|Aliens|Dark Humor|Superhero|first person mod|Parody
3450,Saints Row: Gat Out of Hell,Completed,7,Saints Row: Gat Out of Hell,2015-01-20,2015.0,66.0,3.17,692.0,Action|Adventure,Singleplayer|Steam Achievements|Multiplayer|Full controller support|Steam Cloud|Atmospheric|steam-trading-cards|Co-op|Open World|cooperative|First-Person|Third Person|Online Co-Op|Funny|Gore|Sandbox|Female Protagonist|Comedy|Third-Person Shooter|controller support|Mature|overlay|achievements|Dark Humor|Demons|cloud saves
4386,Saints Row: The Third,Completed,7,Saints Row: The Third,2011-11-15,2011.0,84.0,3.95,2061.0,Action|Adventure,Singleplayer|Multiplayer|Great Soundtrack|RPG|Co-op|Open World|cooperative|Third Person|Partial Controller Support|Online Co-Op|Funny|Sandbox|Female Protagonist|Comedy|Third-Person Shooter|Zombies|Character Customization|Crime|Satire
50734,Sekiro: Shadows Die Twice,Completed,9,Sekiro: Shadows Die Twice,2019-03-22,2019.0,90.0,4.37,2097.0,Action|RPG,Singleplayer|Atmospheric|Great Soundtrack|RPG|Story Rich|Open World|Third Person|Partial Controller Support|Exploration|Difficult|Violent|Stealth|Action-Adventure|Action RPG|Nudity|Dark Fantasy|Memes|Sexual Content|JRPG|3rd-Person Perspective|Assassin|Souls-like|Ninja
3363,Shovel Knight,Played,8,Shovel Knight,2014-06-26,2014.0,85.0,4.3,476.0,Action|Adventure|Indie|Platformer,Singleplayer|Steam Achievements|Full controller support|Steam Cloud|steam-trading-cards|Great Soundtrack|RPG|2D|Fantasy|Funny|Difficult|Comedy|Local Co-Op|Pixel Graphics|Controller|Retro|Side Scroller|Medieval|Metroidvania|Kickstarter
564757,Sifu,Completed,7,Sifu,2022-02-08,2022.0,79.0,4.07,380.0,Action|Fighting,Singleplayer|Third Person|Difficult|Action-Adventure|Action RPG|Dark|Hack and Slash|War|Dark Fantasy|Roguelike|Beat 'em up|Crime|Blood|Souls-like|Swordplay|Action Roguelike|Martial Arts|Naval|Solo|Succès Steam|Флот|Compat. contrôleurs complète
29642,Silent Hill 2 (2001),Completed,10,Silent Hill 2 (2001),2001-09-24,2001.0,89.0,4.39,945.0,Action|Adventure,Singleplayer|Steam Achievements|Full controller support|Atmospheric|Great Soundtrack|Story Rich|Third Person|Horror|Exploration|Classic|Violent|Action-Adventure|Dark|Survival Horror|3D|Cinematic|Sexual Content|Multiple Endings|Remake|Family Sharing|Psychological|Ремейк|psychological-horror
28121,Slay the Spire,Played,8,Slay the Spire,2019-01-22,2019.0,86.0,4.37,1070.0,RPG|Strategy|Card|Indie,Singleplayer|Steam Achievements|2D|Steam Leaderboards|Early Access|stats|role-playing|Dungeon Crawler
16113,Sleeping Dogs,Completed,6,Sleeping Dogs,2012-08-14,2012.0,81.0,4.14,1317.0,Action|Adventure,Singleplayer|Multiplayer|Full controller support|Atmospheric|Great Soundtrack|RPG|Story Rich|Open World|Third Person|Sandbox|Violent|Third-Person Shooter|Parkour|Crime|Driving|Martial Arts
99,Snake Pass,Played,5,Snake Pass,2017-03-28,2017.0,71.0,3.23,250.0,Adventure|Simulation|Casual|Indie|Puzzle,Singleplayer|Steam Achievements|Full controller support|Steam Cloud|steam-trading-cards|Great Soundtrack|Difficult|Steam Leaderboards|Family Friendly|Cute|Colorful|Physics|Puzzle-Platformer|3D Platformer
4331,Sonic Generations,Played,7,Sonic Generations,2011-11-01,2011.0,77.0,3.9,549.0,Action|Arcade|Family|Platformer,Singleplayer|Steam Achievements|Full controller support|Steam Cloud|Great Soundtrack|2D|Third Person|Funny|Steam Leaderboards|Classic|Controller|stats|Retro|Moddable|Family Friendly|Replay Value|3D|Colorful|Fast-Paced|3D Vision|3D Platformer|Time Travel
23587,Sonic Mania,Completed,8,Sonic Mania,2017-08-15,2017.0,85.0,3.86,857.0,Action|Adventure|Casual|Platformer,Singleplayer|Steam Achievements|Multiplayer|Full controller support|Steam Cloud|steam-trading-cards|Great Soundtrack|2D|Partial Controller Support|Steam Leaderboards|Classic|Split Screen|Local Co-Op|Action-Adventure|Pixel Graphics|Local Multiplayer|Retro|Family Friendly|Colorful|Side Scroller|Fast-Paced|Remake|Cartoony
4332,Spec Ops: The Line,Completed,8,Spec Ops: The Line,2012-06-26,2012.0,76.0,4.1,1936.0,Action|Shooter,Singleplayer|Steam Achievements|Multiplayer|Full controller support|Steam Cloud|Atmospheric|Great Soundtrack|Co-op|Story Rich|Third Person|Horror|Steam Leaderboards|Third-Person Shooter|stats|Dark|Cross-Platform Multiplayer|War|Post-apocalyptic|Mature|Military|Psychological|Based On A Novel|Political|european
3561,Spelunky,Completed,8,Spelunky,2012-07-04,2012.0,90.0,3.68,637.0,Indie|Platformer,Singleplayer|Steam Achievements|Multiplayer|Full controller support|steam-trading-cards|Great Soundtrack|Co-op|cooperative|2D|Difficult|Steam Leaderboards|Split Screen|Local Co-Op|Controller|Local Multiplayer|Retro|controller support|Replay Value|Side Scroller|Roguelike|overlay|Roguelite|Procedural Generation|Perma Death
11425,SPORE,Completed,6,SPORE,2008-09-04,2008.0,84.0,4.15,869.0,Simulation|Family,Singleplayer|Multiplayer|RPG|Open World|Sci-fi|Funny|Exploration|Sandbox|Comedy|Space|Family Friendly|Aliens|RTS|Science|God Game
654,Stardew Valley,Completed,8,Stardew Valley,2016-02-25,2016.0,89.0,4.39,2432.0,RPG|Simulation|Indie,Singleplayer|Steam Achievements|Multiplayer|Steam Cloud|Atmospheric|steam-trading-cards|Great Soundtrack|RPG|Co-op|Open World|2D|Partial Controller Support|Sandbox|Pixel Graphics|Retro|role-playing|Cute|Crafting|Building|overlay|Relaxing|Dating Sim|Shared/Split Screen Co-op|cloud saves|Fishing|Agriculture|co-op multiplayer
19536,State of Decay,Completed,5,State of Decay,2013-06-06,2013.0,79.0,3.62,418.0,Action|RPG|Simulation,Singleplayer|Steam Achievements|Multiplayer|Full controller support|Atmospheric|RPG|Co-op|Open World|cooperative|Third Person|Horror|Exploration|Steam Leaderboards|Sandbox|Survival|Third-Person Shooter|Zombies|Survival Horror|Post-apocalyptic|Base Building
452638,Stray,Played,3,Stray,2022-07-19,2022.0,82.0,4.15,1226.0,Action|Adventure|Indie|Puzzle|Platformer,Singleplayer|Steam Achievements|Full controller support|Steam Cloud|Atmospheric|Open World|Third Person|Sci-fi|Horror|Exploration|Stealth|exclusive|Cute|Mystery|Colorful|Cyberpunk|Dystopian|Steam Trading Cards|Robots|Beautiful|Remote Play on TV|cats|Котики
54528,Super Mario 64,Completed,7,Super Mario 64,1996-06-23,1996.0,94.0,4.39,753.0,Platformer,Singleplayer
3144,Super Meat Boy,Completed,6,Super Meat Boy,2010-10-20,2010.0,87.0,3.98,1758.0,Indie|Platformer,Singleplayer|Steam Achievements|Full controller support|steam-trading-cards|Great Soundtrack|2D|Funny|Gore|Difficult|Steam Leaderboards|Comedy|Pixel Graphics|Controller|Retro|Replay Value|Side Scroller|Fast-Paced|Level Editor|Time Attack|Precision Platformer
7819,SUPERHOT,Completed,7,SUPERHOT,2016-02-24,2016.0,82.0,4.19,1537.0,Action|Shooter|Indie,Singleplayer|Steam Achievements|Multiplayer|Full controller support|steam-trading-cards|First-Person|Horror|FPS|Funny|Difficult|Tactical|Short|Cyberpunk|overlay|Kickstarter|Bullet Hell|Illuminati|Minimalist|cloud saves|Bullet Time|Time Manipulation|bullet-time|time-manipulation
5679,The Elder Scrolls V: Skyrim,Completed,9,The Elder Scrolls V: Skyrim,2011-11-11,2011.0,94.0,4.42,4861.0,Action|RPG,Singleplayer|Steam Achievements|Steam Cloud|Atmospheric|steam-trading-cards|Great Soundtrack|RPG|Story Rich|Open World|First-Person|Third Person|Partial Controller Support|Fantasy|Sandbox|Action RPG|Steam Workshop|role-playing|Moddable|Character Customization|Dark Fantasy|Medieval|Magic|Lore-Rich|Dragons
3307,The Escapists,Completed,7,The Escapists,2015-02-12,2015.0,71.0,3.43,301.0,Action|Adventure|RPG|Strategy|Simulation|Indie|Puzzle,Singleplayer|Steam Achievements|Multiplayer|Steam Cloud|steam-trading-cards|RPG|Co-op|cooperative|2D|Funny|Difficult|Steam Leaderboards|Sandbox|Survival|Comedy|Pixel Graphics|Steam Workshop|Crafting|Roguelike|Top-Down
3990,The Last Of Us,Completed,8,The Last Of Us,2013-06-14,2013.0,95.0,4.54,3313.0,Action|Adventure,exclusive
51325,The Last of Us Part II,Completed,8,The Last of Us Part II,2020-06-19,2020.0,93.0,4.41,1952.0,Action|Shooter|Adventure,Singleplayer|Atmospheric|Survival|Violent|Stealth|Action-Adventure|exclusive|3rd-Person Perspective|Blood|America|LGBTQ+|Role Playing Game
22511,The Legend of Zelda: Breath of the Wild,Completed,9,The Legend of Zelda: Breath of the Wild,2017-03-03,2017.0,97.0,4.47,3156.0,Action|Adventure|RPG,RPG|Open World|Sandbox|Action-Adventure|exclusive
274762,The Outer Worlds,Played,6,The Outer Worlds,2019-10-25,2019.0,80.0,3.85,1480.0,Action|Shooter|Adventure|RPG,Singleplayer|Full controller support|RPG|Story Rich|Open World|First-Person|Sci-fi|FPS|Action RPG|Space|role-playing|Choices Matter
42187,The Sims 4,Completed,7,The Sims 4,2014-09-02,2014.0,67.0,3.67,1147.0,Strategy|Simulation|Casual,Singleplayer|Multiplayer|Atmospheric|Fantasy|Funny|Character Customization|Family Friendly|Cute|3D|Realistic|Building|Sexual Content|Steam Trading Cards|Relaxing|Cartoony|Romance|Beautiful|Immersive Sim|LGBTQ+|Remote Play on Tablet|build|Life Sim|reality-based|life|family-simulator
15002,The Stanley Parable,Completed,7,The Stanley Parable,2013-10-17,2013.0,88.0,4.37,2020.0,Adventure|Indie,Singleplayer|Full controller support|Atmospheric|Story Rich|First-Person|Funny|Exploration|Comedy|Captions available|Short|Choices Matter|Walking Simulator|Multiple Endings|Surreal|Narration|Psychological|Satire|Dynamic Narration
23027,The Walking Dead: Season 1,Completed,6,The Walking Dead: Season 1,2012-04-23,2012.0,92.0,4.36,2472.0,Action|Adventure,Singleplayer|Full controller support|Atmospheric|Story Rich|Third Person|Horror|Gore|Survival|Zombies|Point & Click|Post-apocalyptic|Choices Matter|Mature|Visual Novel|Drama|Episodic|Comic Book|Choose Your Own Adventure|Quick-Time Events
16944,The Witcher 2: Assassins of Kings Enhanced Edition,Completed,7,The Witcher 2: Assassins of Kings Enhanced Edition,2012-04-16,2012.0,88.0,4.16,2171.0,RPG,Singleplayer|Steam Achievements|Steam Cloud|Atmospheric|steam-trading-cards|RPG|Story Rich|Open World|Third Person|Partial Controller Support|Fantasy|Difficult|Steam Leaderboards|Dark|Nudity|Choices Matter|Dark Fantasy|Mature|Medieval|Magic|Multiple Endings|Based On A Novel|Nonlinear
3328,The Witcher 3: Wild Hunt,Completed,10,The Witcher 3: Wild Hunt,2015-05-18,2015.0,92.0,4.64,7094.0,Action|RPG,Singleplayer|Full controller support|Atmospheric|Great Soundtrack|RPG|Story Rich|Open World|Third Person|Fantasy|Sandbox|Action RPG|Dark|Nudity|controller support|Choices Matter|Dark Fantasy|Mature|Medieval|Magic|Multiple Endings
17822,The Witcher: Enhanced Edition Director's Cut,Completed,8,The Witcher: Enhanced Edition Director's Cut,2008-09-16,2008.0,86.0,4.06,2045.0,Action|RPG,Singleplayer|Steam Cloud|Atmospheric|Great Soundtrack|RPG|Story Rich|Open World|Third Person|Fantasy|Classic|Action RPG|Nudity|Choices Matter|Dark Fantasy|Mature|Medieval|Magic|Multiple Endings|Based On A Novel
1682,The Wolf Among Us,Completed,9,The Wolf Among Us,2013-10-10,2013.0,82.0,4.39,2161.0,Adventure,Singleplayer|Full controller support|Atmospheric|Great Soundtrack|Story Rich|Fantasy|Dark|Point & Click|Nudity|controller support|Mystery|Mature|Cinematic|Detective|Cartoony|Episodic|Comic Book|Choose Your Own Adventure|Quick-Time Events|Noir
1090,This War of Mine,Completed,9,This War of Mine,2014-11-14,2014.0,83.0,4.06,1239.0,Adventure|Simulation|Indie,Singleplayer|Steam Achievements|Full controller support|Steam Cloud|Atmospheric|steam-trading-cards|Open World|2D|Difficult|Survival|Stealth|Steam Workshop|Point & Click|War|Post-apocalyptic|Choices Matter|Crafting|Side Scroller|Roguelike|2.5D
923,Titanfall 2,Completed,7,Titanfall 2,2016-10-28,2016.0,87.0,4.31,2059.0,Action|Shooter,Singleplayer|Steam Achievements|Multiplayer|Full controller support|Atmospheric|First-Person|Sci-fi|FPS|Gore|Exploration|Violent|Action-Adventure|PvP|Cinematic|combat|Team-Based|Futuristic|RTS|Fast-Paced|Military|Parkour|Online PvP|Steam Trading Cards|Robots|Time Travel|Mechs|Hero Shooter|grappling-hook
19646,Tom Clancy's Splinter Cell,Currently playing,7,Tom Clancy's Splinter Cell,2002-11-17,2002.0,91.0,4.17,484.0,Action|Adventure,Singleplayer|Multiplayer|Atmospheric|Third Person|Difficult|Classic|Stealth|Third-Person Shooter
3726,Trials Fusion,Played,7,Trials Fusion,2014-04-15,2014.0,80.0,3.53,610.0,Racing,Singleplayer|Multiplayer|Great Soundtrack|2D|Partial Controller Support|Funny|Difficult|Local Multiplayer|Physics|Futuristic|Competitive|2.5D|Level Editor|4 giocatori divano
3358,Tropico 5,Played,6,Tropico 5,2014-05-22,2014.0,75.0,3.64,541.0,RPG|Strategy|Simulation,Singleplayer|Steam Achievements|Multiplayer|Steam Cloud|Atmospheric|steam-trading-cards|Great Soundtrack|RPG|Co-op|Open World|cooperative|Funny|Sandbox|Comedy|Steam Workshop|Cross-Platform Multiplayer|Includes level editor|Historical|RTS|Management|achievements|Resource Management|Economy|City Builder|Politics
7619,Turmoil,Completed,6,Turmoil,2016-06-01,2016.0,73.0,3.51,95.0,Action|Adventure|Strategy|Simulation|Indie,Singleplayer|Steam Achievements|Steam Cloud|steam-trading-cards|2D|Sci-fi|Partial Controller Support|Survival|Controller|Hack and Slash|3D|Isometric|Management|Robots|Linear|Steampunk|Stylized|Procedural Generation|Economy|Alternate History|Western|Spectacle fighter|Action Roguelike|Capitalism|Automation|Time Management|3D Fighter|3D-файтинг|Автоматизация
51687,Two Point Hospital,Played,6,Two Point Hospital,2018-08-29,2018.0,84.0,3.74,405.0,RPG|Simulation,Singleplayer|Steam Achievements|Management
5703,Uncharted 3: Drake's Deception,Completed,8,Uncharted 3: Drake's Deception,2011-11-01,2011.0,92.0,4.37,1940.0,Action,Atmospheric|Third Person|cover-shooter
2462,Uncharted 4: A Thief’s End,Completed,9,Uncharted 4: A Thief’s End,2016-05-10,2016.0,93.0,4.48,3702.0,Action|Shooter,Atmospheric|Action-Adventure|3rd-Person Perspective
13627,Undertale,Completed,8,Undertale,2015-09-14,2015.0,92.0,4.35,1870.0,RPG|Indie,Singleplayer|Great Soundtrack|RPG|Story Rich|2D|Horror|Funny|Comedy|Pixel Graphics|Dark|Retro|role-playing|Cute|Replay Value|Choices Matter|Memes|Multiple Endings|overlay|Bullet Hell|Dating Sim
59637,Untitled Goose Game,Completed,7,Untitled Goose Game,2019-09-20,2019.0,80.0,4.04,714.0,Action|Family|Indie|Puzzle,Singleplayer|Full controller support|Steam Cloud|Comedy|Stealth|Family Friendly|humor|hilarious
1758,Valiant Hearts: The Great War,Played,7,Valiant Hearts: The Great War,2014-06-24,2014.0,80.0,4.36,1357.0,Adventure|Puzzle,Singleplayer|Atmospheric|Great Soundtrack|RPG|Story Rich|2D|Point & Click|War|Historical|Side Scroller|Music|Comic Book|Education|Other|World War I
19397,Vampire: The Masquerade - Bloodlines,Completed,10,Vampire: The Masquerade - Bloodlines,2004-11-15,2004.0,80.0,4.36,892.0,Action|RPG,Singleplayer|Atmospheric|Great Soundtrack|RPG|Story Rich|First-Person|Third Person|Horror|FPS|Classic|Female Protagonist|Stealth|Action RPG|Dark|Cult Classic|Supernatural|Gothic|cloud saves|Vampire
10061,Watch Dogs 2,Completed,8,Watch Dogs 2,2016-11-28,2016.0,79.0,3.84,1761.0,Action|Adventure,Singleplayer|Multiplayer|Atmospheric|Co-op|Open World|cooperative|Third Person|Partial Controller Support|Gore|Comedy|Stealth|Third-Person Shooter|Cute|Mature|Parkour|Sexual Content|Crime|Illuminati|Hacking|first person mod
44295,West of Loathing,Completed,10,West of Loathing,2017-08-09,2017.0,88.0,4.22,120.0,Adventure|RPG|Indie,Singleplayer|Steam Achievements|Steam Cloud|steam-trading-cards|RPG|Story Rich|Open World|2D|Horror|Funny|Comedy|role-playing|Point & Click|Replay Value|Memes|Turn-Based Combat|Western
42,What Remains of Edith Finch,Completed,6,What Remains of Edith Finch,2017-04-23,2017.0,89.0,4.38,2023.0,Adventure|Indie,Singleplayer|Steam Achievements|Full controller support|Steam Cloud|Atmospheric|steam-trading-cards|Great Soundtrack|Story Rich|First-Person|Horror|FPS|Exploration|Female Protagonist|Mystery|Short|Walking Simulator|Visual Novel
50616,while True: learn(),Completed,6,while True: learn(),2018-03-28,2018.0,73.0,3.66,130.0,Simulation|Educational|Indie|Puzzle,Singleplayer|Early Access|Education|Science|cats|Programming|ai|tycoon|code
3696,Wolfenstein: The New Order,Completed,8,Wolfenstein: The New Order,2014-05-19,2014.0,81.0,4.18,2495.0,Action|Shooter,Singleplayer|Steam Achievements|Multiplayer|Atmospheric|Great Soundtrack|Story Rich|First-Person|Sci-fi|Partial Controller Support|Horror|FPS|Gore|Steam Leaderboards|Stealth|War|Historical|Dystopian|Robots|World War II|Alternate History
492,Yakuza 0,Completed,10,Yakuza 0,2015-03-12,2015.0,85.0,4.36,1129.0,Action|RPG,Singleplayer|Steam Achievements|Multiplayer|Full controller support|Steam Cloud|Atmospheric|steam-trading-cards|Great Soundtrack|RPG|Story Rich|Open World|Third Person|Funny|Steam Leaderboards|Comedy|Violent|Online multiplayer|Local Multiplayer|Anime|Mature|Sexual Content|Beat 'em up|Crime|Drama|Dating Sim|Minigames
548148,Yakuza 3 Remastered,Completed,8,Yakuza 3 Remastered,2021-01-27,2021.0,77.0,3.63,106.0,Action|Adventure,Singleplayer|Full controller support|RPG|Story Rich|Open World|Third Person|Funny|Comedy|Violent|Action RPG|Anime|combat|Sexual Content|Beat 'em up|Crime|JRPG|Drama
387345,Yakuza 4 Remastered,Completed,7,Yakuza 4 Remastered,2019-10-29,2019.0,78.0,4.08,73.0,Action,Singleplayer|RPG|Story Rich|Open World|Third Person|Funny|Comedy|Violent|Action RPG|Anime|combat|Sexual Content|Beat 'em up|Crime|JRPG|Drama|battle|Investigation|secrets|collection|murder|office|Un jugador|Logros de Steam|Compat. total con mando
411611,Yakuza 5 Remastered,Completed,8,Yakuza 5 Remastered,2020-02-11,2020.0,82.0,4.2,68.0,Action,Singleplayer|RPG|Story Rich|Open World|Third Person|Funny|Comedy|Violent|Action RPG|Anime|War|combat|Sexual Content|Beat 'em up|Crime|JRPG|online|Drama|collection|office|quest|Un jugador|Logros de Steam|Compat. total con mando
52201,Yakuza 6: The Song of Life,Completed,8,Yakuza 6: The Song of Life,2016-04-17,2016.0,84.0,4.41,209.0,Action|Shooter|Adventure,Singleplayer|Steam Achievements|Full controller support|Steam Cloud|RPG|Story Rich|Open World|Third Person|Funny|Comedy|Violent|Action RPG|Anime|exclusive|combat|Sexual Content|Beat 'em up|Crime|true exclusive|Steam Trading Cards|JRPG|Drama
44525,Yakuza Kiwami,Completed,7,Yakuza Kiwami,2016-01-21,2016.0,83.0,4.1,774.0,Action|Adventure|RPG|Fighting,Steam Achievements|Full controller support|Steam Cloud|Great Soundtrack|RPG|Story Rich|Open World|Beat 'em up|Crime|Steam Trading Cards|Minigames|Single player only
58835,Yakuza Kiwami 2,Completed,7,Yakuza Kiwami 2,2017-12-07,2017.0,85.0,4.38,404.0,Action|Adventure|RPG,Singleplayer|Steam Achievements|Full controller support|Steam Cloud|Atmospheric|RPG|Comedy|Violent|Action-Adventure|Sexual Content|Beat 'em up
369157,Yakuza: Like a Dragon,Completed,8,Yakuza: Like a Dragon,2020-01-16,2020.0,85.0,4.35,365.0,Action|Adventure|RPG,Singleplayer|Steam Achievements|Full controller support|Great Soundtrack|RPG|Story Rich|Open World|Third Person|Funny|Comedy|Violent|Anime|role-playing|Nudity|Turn-Based|combat|Sexual Content|Crime|JRPG|Drama|Turn-Based Combat|city|console|party|offline|hero|race|journey|Minigames|fall|prison|Faith|sega
