Game,Released,Game platforms,Status,Played on,Created,Updated,Rating,Review,Rating Created,Url
Dead Space,2023-01-27,"PC, Xbox Series S/X, PlayStation 5",Completed,,2025-10-10 13:33:37,2025-10-18 15:40:01,,,,https://rawg.io/games/dead-space-5
Mafia: The Old Country,2025-08-08,"PC, PlayStation 5, Xbox Series S/X",Not played,,2025-10-10 13:31:58,2025-10-10 13:32:01,,,,https://rawg.io/games/mafia-the-old-country
Halo 2,2004-11-09,"PC, Xbox, Xbox One",Played,,2025-08-13 15:53:44,2025-08-13 15:53:47,meh,,2025-08-13 15:53:51,https://rawg.io/games/halo-2
Marvel's Spider-Man 2,2023-10-20,"PC, PlayStation 5",Completed,,2025-08-13 15:48:26,2025-08-13 15:48:29,exceptional,,2025-08-13 15:48:31,https://rawg.io/games/marvels-spider-man-2
Final Fantasy XVI,2023-06-22,"PC, Xbox Series S/X, PlayStation 5",Completed,,2025-07-09 15:04:38,2025-07-14 20:54:37,,,,https://rawg.io/games/final-fantasy-xvi
Donkey Kong Country 2: Diddy's Kong Quest,1995-11-20,"Nintendo 3DS, Game Boy Advance, Wii U, SNES, Wii",Completed,,2025-07-09 15:05:48,2025-07-09 15:05:50,recommended,,2025-07-09 15:05:53,https://rawg.io/games/donkey-kong-country-2-diddys-kong-quest
The Last of Us Part II,2020-06-19,"PlayStation 4, PlayStation 5",Completed,,2025-06-10 00:27:36,2025-06-26 22:27:59,exceptional,,2025-06-26 22:28:03,https://rawg.io/games/the-last-of-us-part-2
Kingdom Come: Deliverance II,2025-02-03,"PC, PlayStation 5, Xbox Series S/X",Completed,,2025-02-19 06:23:31,2025-06-08 19:51:21,exceptional,,2025-06-08 19:51:23,https://rawg.io/games/kingdom-come-deliverance-ii
Shadows Over Loathing,2022-11-11,"macOS, PC",Completed,,2025-05-25 19:12:40,2025-05-25 19:12:43,exceptional,,2025-05-25 19:12:45,https://rawg.io/games/shadows-over-loathing
Silent Hill 2,2024-10-08,"PC, PlayStation 5",Completed,,2024-12-16 00:31:17,2025-05-19 19:42:31,,,,https://rawg.io/games/silent-hill-2-remake
Marvel's Spider-Man Remastered,2020-11-12,"PC, PlayStation 5",Completed,,2025-05-15 17:47:08,2025-05-15 17:47:10,,,,https://rawg.io/games/marvels-spider-man-remastered
The Last of Us Part I,2022-09-02,"PC, PlayStation 5",Completed,,2025-05-07 06:40:06,2025-05-07 06:40:09,,,,https://rawg.io/games/the-last-of-us-part-i
God of War: Ragnarök,2022-11-09,"PC, PlayStation 4, PlayStation 5",Completed,,2025-05-05 02:02:46,2025-05-05 02:02:49,exceptional,,2025-05-05 02:02:48,https://rawg.io/games/god-of-war-ragnarok
Psychonauts,2005-04-01,"PlayStation 3, Xbox One, iOS, PC, macOS, Linux, Xbox 360, PlayStation 2, PlayStation 4, Xbox",Currently playing,,2022-07-04 22:09:43,2025-04-12 18:13:50,,,,https://rawg.io/games/psychonauts
Titanfall 2,2016-10-28,"Xbox One, PlayStation 4, PC",Completed,,2025-04-10 00:36:39,2025-04-10 00:36:42,exceptional,,2025-04-10 00:36:44,https://rawg.io/games/titanfall-2
Bayonetta,2009-06-23,"PlayStation 4, PlayStation 3, Xbox 360, Wii U, PC, Xbox One, Nintendo Switch",Completed,,2022-07-04 22:13:21,2025-03-08 15:10:55,,,,https://rawg.io/games/bayonetta
Persona 5 Royal,2020-03-31,"Xbox Series S/X, PC, PlayStation 5, Nintendo Switch, Xbox One, PlayStation 4",Completed,,2022-07-16 20:41:40,2024-09-17 21:32:56,exceptional,,2024-09-17 21:33:00,https://rawg.io/games/persona-5-royal
World of Horror,2023-10-19,"PlayStation 4, Nintendo Switch, macOS, PC",Uncategorized,,2024-09-03 22:51:38,2024-09-03 22:51:38,,,,https://rawg.io/games/world-of-horror
Dark Souls II: Scholar of the First Sin,2015-04-01,"PlayStation 4, Xbox One, PC",Completed,,2022-06-26 00:43:20,2024-08-28 18:22:54,recommended,,2024-08-28 18:34:02,https://rawg.io/games/dark-souls-ii-scholar-of-the-first-sin
What Remains of Edith Finch,2017-04-23,"Xbox One, iOS, PC, Nintendo Switch, PlayStation 4",Completed,,2020-04-22 23:05:20,2024-08-10 21:55:21,recommended,,2024-08-10 21:55:35,https://rawg.io/games/what-remains-of-edith-finch
The Last Of Us,2013-06-14,"PlayStation 3, PlayStation 4",Completed,,2024-08-04 01:13:03,2024-08-04 01:13:18,exceptional,,2024-08-04 01:13:21,https://rawg.io/games/the-last-of-us
Control,2019-08-27,"Xbox Series S/X, PlayStation 5, Xbox One, PlayStation 4, PC",Completed,,2022-08-21 19:54:53,2024-07-27 15:00:40,recommended,,2024-08-05 18:00:02,https://rawg.io/games/control
Tom Clancy's Splinter Cell,2002-11-17,"PC, PlayStation 3, Xbox 360, Xbox, Game Boy Advance, Classic Macintosh, GameCube, PlayStation 2, Xbox One",Currently playing,,2024-04-23 19:56:46,2024-04-23 19:56:48,,,,https://rawg.io/games/splinter-cell
Elden Ring,2022-02-25,"PC, Xbox One, PlayStation 4, Xbox Series S/X, PlayStation 5",Completed,,2022-07-03 15:24:41,2024-04-18 11:39:15,recommended,,2023-06-30 16:53:40,https://rawg.io/games/elden-ring
Super Meat Boy,2010-10-20,"Linux, Nintendo Switch, Wii U, Xbox 360, PlayStation 4, PS Vita, Android, Web, PC, macOS",Completed,,2020-04-18 22:21:34,2024-04-17 14:55:46,recommended,,2020-04-18 23:25:08,https://rawg.io/games/super-meat-boy
Undertale,2015-09-14,"Xbox Series S/X, Nintendo Switch, Xbox One, PC, macOS, Linux, PlayStation 4, PS Vita",Completed,,2020-04-18 22:25:11,2024-03-01 13:26:48,exceptional,,2024-03-01 13:27:22,https://rawg.io/games/undertale
Like a Dragon: Infinite Wealth,2024-01-26,"PC, Xbox Series S/X, PlayStation 4, Xbox One, PlayStation 5",Completed,,2024-02-08 20:16:35,2024-02-08 20:17:17,exceptional,,2024-08-05 18:00:14,https://rawg.io/games/like-a-dragon-infinite-wealth
Devil May Cry,2001-08-23,"Xbox 360, PlayStation 3, Xbox One, Nintendo Switch, PC, PlayStation 2, PlayStation 4",Completed,,2024-01-23 00:09:51,2024-01-23 00:09:53,recommended,,2024-01-23 00:09:56,https://rawg.io/games/devil-may-cry
Final Fantasy VII (1997),1997-01-31,"PC, iOS, Android, Nintendo Switch, PlayStation, PlayStation 4, Xbox One",Completed,,2024-01-08 14:33:34,2024-01-08 14:33:36,exceptional,,2024-01-08 14:33:38,https://rawg.io/games/final-fantasy-vii
Grim Fandango,1998-10-14,PC,Completed,PC,2024-01-05 15:33:55,2024-01-05 15:33:58,exceptional,,2024-01-05 15:34:01,https://rawg.io/games/grim-fandango
Max Payne,2001-07-25,"PC, PlayStation 3, Xbox, Classic Macintosh, PlayStation 2, Xbox 360, PlayStation 4",Completed,,2020-04-18 22:30:36,2024-01-01 18:32:01,recommended,,2020-04-18 23:31:52,https://rawg.io/games/max-payne
Call of Duty: Modern Warfare 3,2011-11-08,"PC, macOS, Wii, Xbox 360, PlayStation 3, iOS, Xbox One",Completed,,2023-12-25 18:59:08,2023-12-25 18:59:10,recommended,,2023-12-25 18:59:12,https://rawg.io/games/call-of-duty-modern-warfare-3
Super Mario 64,1996-06-23,Nintendo 64,Completed,Nintendo 64,2023-04-06 21:26:58,2023-12-19 22:01:48,recommended,,2023-12-19 22:02:24,https://rawg.io/games/super-mario-64-1996
DRAGON QUEST XI: Echoes of an Elusive Age,2017-07-29,"PC, PlayStation 4, Xbox One, Nintendo Switch, Nintendo 3DS",Currently playing,,2023-12-09 01:41:17,2023-12-09 01:41:19,,,,https://rawg.io/games/dragon-quest-xi
Card Shark,2022-06-02,"PSP, PlayStation 3, Nintendo Switch, macOS, PC",Uncategorized,,2023-12-05 13:08:05,2023-12-05 13:08:05,,,,https://rawg.io/games/card-shark
Like a Dragon Gaiden: The Man Who Erased His Name,2023-11-08,"PC, PlayStation 4, Xbox Series S/X, PlayStation 5",Completed,,2023-12-04 20:42:59,2023-12-04 20:43:02,exceptional,,2023-12-04 20:43:04,https://rawg.io/games/like-a-dragon-gaiden-the-man-who-erased-his-name
Yakuza: Like a Dragon,2020-01-16,"PC, PlayStation 4, Xbox One, Xbox Series S/X, PlayStation 5",Completed,,2022-07-06 13:58:00,2023-11-30 01:02:48,exceptional,,2023-11-30 01:02:59,https://rawg.io/games/yakuza-7
Katana ZERO,2019-04-17,"Xbox One, Nintendo Switch, macOS, PC",Completed,,2020-04-18 22:55:07,2023-10-18 18:46:47,exceptional,,2020-04-18 23:32:37,https://rawg.io/games/katana-zero
Yakuza 6: The Song of Life,2016-04-17,"PC, PlayStation 4, Xbox One",Completed,,2023-08-23 01:31:49,2023-08-23 01:31:51,exceptional,,2023-08-23 01:31:52,https://rawg.io/games/yakuza-6
Death's Door,2021-07-20,"PlayStation 5, PlayStation 4, Nintendo Switch, PC, Xbox Series S/X, Xbox One",Not played,,2023-08-05 12:22:48,2023-08-05 12:22:50,,,,https://rawg.io/games/acid-nerve-deaths-door
The Forgotten City,2021-07-28,"PlayStation 5, Nintendo Switch, PC, Xbox One, PlayStation 4, Xbox Series S/X",Not played,,2023-08-05 12:22:44,2023-08-05 12:22:46,,,,https://rawg.io/games/forgotten-city
Yakuza 5 Remastered,2020-02-11,"PC, Xbox One, PlayStation 4",Completed,,2023-02-12 15:34:39,2023-08-04 23:48:58,exceptional,,2023-11-06 18:30:07,https://rawg.io/games/yakuza-5-remastered
Halo: Combat Evolved,2001-11-15,"PC, Xbox, macOS",Completed,,2023-07-25 00:59:19,2023-07-25 00:59:21,recommended,,2023-07-25 00:59:25,https://rawg.io/games/halo-combat-evolved
Crysis,2007-11-12,"PlayStation 3, Xbox 360, PC",Completed,,2023-07-10 23:26:05,2023-07-10 23:26:07,exceptional,,2023-11-06 18:30:09,https://rawg.io/games/crysis
OMORI,2020-12-25,"Nintendo Switch, macOS, PC, Xbox Series S/X",Not played,,2023-07-10 23:24:09,2023-07-10 23:24:11,,,,https://rawg.io/games/omori
Silent Hill 2 (2001),2001-09-24,"PC, Xbox, PlayStation 2",Completed,,2023-07-05 21:08:47,2023-07-05 21:08:51,exceptional,,2023-07-05 21:08:53,https://rawg.io/games/silent-hill-2
BioShock Remastered,2016-09-15,"PlayStation 4, Nintendo Switch, macOS, PC, Xbox One",Completed,,2023-06-29 19:21:44,2023-06-29 19:21:46,exceptional,,2023-06-29 19:21:58,https://rawg.io/games/bioshock-remastered
Super Mario Odyssey,2017-10-27,Nintendo Switch,Not played,Nintendo Switch,2022-09-23 20:00:09,2023-06-23 11:20:06,,,,https://rawg.io/games/super-mario-odyssey
Inscryption,2021-10-19,"PlayStation 5, Linux, PC, Nintendo Switch, PlayStation 4, macOS",Not played,,2022-07-06 13:58:28,2023-06-23 11:20:00,,,,https://rawg.io/games/inscryption
Prey,2017-05-05,"Xbox One, PC, PlayStation 4",Played,,2022-06-13 19:45:20,2023-06-23 11:19:54,exceptional,,2023-06-30 16:52:49,https://rawg.io/games/prey
Yakuza 4 Remastered,2019-10-29,"PC, Xbox One, PlayStation 4",Completed,,2022-07-06 13:58:27,2023-06-23 11:18:51,recommended,,2023-06-23 11:19:42,https://rawg.io/games/yakuza-4-remaster
Ori and the Blind Forest,2015-03-10,"Xbox 360, Xbox One, PC",Completed,,2020-04-18 22:26:25,2023-06-08 00:20:37,recommended,,2020-04-18 23:32:25,https://rawg.io/games/ori-and-the-blind-forest
Resident Evil 4,2023-03-24,"PlayStation 4, PC, iOS, PlayStation 5, Xbox Series S/X",Completed,,2023-05-21 22:24:29,2023-05-21 22:24:31,exceptional,,2023-05-21 22:24:41,https://rawg.io/games/resident-evil-4-2023
Cult of the Lamb,2022-08-11,"macOS, PC, PlayStation 5, Xbox Series S/X, PlayStation 4, Nintendo Switch, Xbox One",Completed,,2023-04-22 21:38:09,2023-04-22 21:38:11,recommended,,2023-04-22 21:38:13,https://rawg.io/games/cult-of-the-lamb
Donkey Kong Country,1994-11-21,"Wii U, Nintendo 3DS, Wii, Game Boy Advance, Game Boy Color, SNES",Completed,,2023-04-08 18:31:45,2023-04-12 09:56:03,recommended,,2023-04-12 09:56:05,https://rawg.io/games/donkey-kong-country
Dark Souls III,2016-04-11,"Xbox One, PlayStation 4, PC",Completed,,2022-07-04 22:07:39,2023-03-11 20:09:11,exceptional,,2023-03-11 20:09:13,https://rawg.io/games/dark-souls-iii
Yakuza 3 Remastered,2021-01-27,"PC, Xbox One, PlayStation 4",Completed,,2022-07-06 13:58:23,2023-02-21 22:44:55,recommended,,2023-06-23 11:19:09,https://rawg.io/games/yakuza-3-remastered
The Outer Worlds,2019-10-25,"PlayStation 4, PC, Nintendo Switch, Xbox One",Played,,2022-07-04 22:13:12,2023-02-12 15:33:17,meh,,2023-06-30 16:52:55,https://rawg.io/games/the-outer-worlds
High on Life,2022-12-13,"PlayStation 5, PC, PlayStation 4, Xbox Series S/X",Played,,2023-02-12 15:32:40,2023-02-12 15:32:42,meh,,2023-06-30 16:52:57,https://rawg.io/games/high-on-life
Yakuza Kiwami 2,2017-12-07,"PC, PlayStation 4, Xbox One",Completed,,2022-06-20 11:59:45,2023-02-11 18:36:34,recommended,,2023-06-30 16:52:59,https://rawg.io/games/yakuza-kiwami-2
DOOM Eternal,2020-03-20,"PC, PlayStation 4, Xbox One, Nintendo Switch, PlayStation 5",Completed,,2022-07-04 22:11:56,2023-01-25 00:02:46,exceptional,,2023-01-25 00:02:48,https://rawg.io/games/doom-eternal
The Wolf Among Us,2013-10-10,"PS Vita, PlayStation 4, Xbox One, iOS, PC, Android, Xbox 360, macOS",Completed,,2023-01-13 18:09:33,2023-01-13 18:09:35,exceptional,,2023-01-25 00:02:29,https://rawg.io/games/the-wolf-among-us
Sifu,2022-02-08,"PC, Nintendo Switch, Xbox Series S/X, Xbox One, PlayStation 5, PlayStation 4",Completed,,2022-11-28 12:13:22,2022-11-28 12:13:31,exceptional,,2022-11-28 12:13:21,https://rawg.io/games/sifu
Monster Hunter: World,2018-01-26,"PlayStation 4, Xbox One, PC",Played,,2022-07-04 22:09:12,2022-11-12 08:54:52,,,,https://rawg.io/games/monster-hunter-world-2
Mafia: Definitive Edition,2020-09-25,"PC, Xbox Series S/X, Xbox One, PlayStation 4",Completed,,2022-11-03 10:35:35,2022-11-03 10:35:36,recommended,,2023-06-30 16:53:06,https://rawg.io/games/mafia
Mafia: The City of Lost Heaven,2002-08-28,"PlayStation 2, PC, Xbox",Completed,,2022-10-21 21:15:26,2022-11-03 10:34:56,recommended,,2023-06-30 16:53:07,https://rawg.io/games/mafia-the-city-of-lost-heaven
Uncharted 4: A Thief’s End,2016-05-10,"PlayStation 5, PlayStation 4",Completed,,2022-11-03 09:58:33,2022-11-03 09:58:35,exceptional,,2023-06-30 16:53:09,https://rawg.io/games/uncharted-4-a-thiefs-end
Rogue Legacy 2,2022-04-28,"Xbox Series S/X, Xbox One, PC, Nintendo Switch",Completed,,2022-08-21 19:11:23,2022-09-26 14:06:24,exceptional,,2023-06-30 16:53:10,https://rawg.io/games/rogue-legacy-2
Cuphead,2017-09-29,"PlayStation 4, Nintendo Switch, Xbox One, macOS, PC",Played,,2020-04-18 22:26:26,2022-09-26 14:06:21,exceptional,,2020-04-18 23:32:30,https://rawg.io/games/cuphead
Stray,2022-07-19,"macOS, Xbox One, Nintendo Switch, PC, Xbox Series S/X, PlayStation 5, PlayStation 4",Played,,2022-07-04 22:04:28,2022-08-21 20:00:21,meh,,2023-06-30 16:53:11,https://rawg.io/games/stray-2
Untitled Goose Game,2019-09-20,"Nintendo Switch, Xbox One, PlayStation 4, PC, macOS",Completed,,2022-08-21 19:54:25,2022-08-21 19:54:27,,,,https://rawg.io/games/untitled-goose-game
The Legend of Zelda: Breath of the Wild,2017-03-03,"Nintendo Switch, Wii U",Completed,,2022-07-16 20:42:14,2022-08-21 18:42:01,exceptional,,2023-06-30 16:53:15,https://rawg.io/games/the-legend-of-zelda-breath-of-the-wild
NieR:Automata,2017-03-17,"PlayStation 4, Nintendo Switch, PC, Xbox One",Not played,,2022-07-04 22:09:23,2022-08-19 18:58:48,,,,https://rawg.io/games/nierautomata
Marvel's Spider-Man,2018-09-07,"PlayStation 4, PC, PlayStation 5",Completed,,2022-07-04 22:07:48,2022-08-19 18:58:42,exceptional,,2023-06-30 16:53:17,https://rawg.io/games/marvels-spider-man
Kentucky Route Zero,2020-01-28,"iOS, Nintendo Switch, PlayStation 4, PC, macOS, Linux",Not played,,2022-08-14 21:03:32,2022-08-14 21:03:51,,,,https://rawg.io/games/kentucky-route-zero
Red Dead Redemption 2,2018-10-26,"PC, PlayStation 4, Xbox One",Completed,,2022-05-25 18:52:39,2022-08-10 19:20:57,exceptional,,2022-08-10 19:21:01,https://rawg.io/games/red-dead-redemption-2
Resident Evil: Village,2021-05-07,"Xbox Series S/X, PC, iOS, PlayStation 5, Nintendo Switch, Xbox One, PlayStation 4",Completed,,2022-07-04 22:21:06,2022-08-08 20:20:37,exceptional,,2022-08-08 20:20:39,https://rawg.io/games/resident-evil-village
The Life and Suffering of Sir Brante,2021-03-04,"PC, Nintendo Switch, Xbox One, PlayStation 4",Not played,PC,2022-07-16 20:41:34,2022-07-16 20:41:36,,,,https://rawg.io/games/the-life-and-suffering-of-sir-brante
Forza Horizon 5,2021-11-08,"PC, iOS, Xbox One, PlayStation 5, Xbox Series S/X",Played,,2022-05-25 18:52:55,2022-07-13 05:30:18,exceptional,,2023-06-30 16:53:18,https://rawg.io/games/forza-horizon-5
Tales of Arise,2021-09-10,"PlayStation 4, Xbox Series S/X, Xbox One, PlayStation 5, PC",Not played,,2022-06-26 00:43:29,2022-07-13 05:29:46,,,,https://rawg.io/games/tales-of-arise
Sekiro: Shadows Die Twice,2019-03-22,"Xbox One, PC, PlayStation 4",Completed,,2020-04-22 16:08:30,2022-07-13 05:29:38,exceptional,,2022-01-29 19:35:48,https://rawg.io/games/shadows-die-twice
The Messenger,2018-08-30,"Xbox One, PC, Nintendo Switch, PlayStation 4",Not played,,2022-07-04 22:31:12,2022-07-04 22:31:13,,,,https://rawg.io/games/the-messenger-2018
Pony Island,2016-01-04,"PC, macOS, Linux",Completed,,2022-07-04 22:30:38,2022-07-04 22:30:40,,,,https://rawg.io/games/pony-island
Psychonauts 2,2021-08-24,"PlayStation 4, Xbox One, Xbox Series S/X, macOS, PC, Linux",Not played,,2022-07-04 22:30:31,2022-07-04 22:30:32,,,,https://rawg.io/games/psychonauts-2
LEGO Harry Potter: Years 1-4,2010-06-03,"Wii, Nintendo DS, PSP, PlayStation 3, PS Vita, PC, Xbox 360, macOS, Android",Not played,,2022-07-04 22:30:00,2022-07-04 22:30:04,,,,https://rawg.io/games/lego-harry-potter
The Banner Saga 2,2016-04-18,"iOS, Nintendo Switch, Xbox One, PlayStation 4, PC, macOS, Android",Not played,,2022-07-04 22:29:06,2022-07-04 22:29:10,,,,https://rawg.io/games/banner-saga-2
Thief II: The Metal Age,2000-02-29,PC,Not played,PC,2022-07-04 22:28:52,2022-07-04 22:28:54,,,,https://rawg.io/games/thief-ii-the-metal-age
Return Of The Obra Dinn,2018-10-17,"Nintendo Switch, PlayStation 4, Xbox One, PC, macOS",Not played,,2022-07-04 22:27:52,2022-07-04 22:27:54,,,,https://rawg.io/games/return-of-the-obra-dinn
Gunpoint,2013-06-03,"macOS, PC, Linux",Not played,,2022-07-04 22:27:23,2022-07-04 22:27:25,,,,https://rawg.io/games/gunpoint
A Hat in Time,2017-10-05,"PlayStation 4, macOS, PC, Xbox One, Nintendo Switch",Not played,,2022-07-04 22:27:09,2022-07-04 22:27:11,,,,https://rawg.io/games/a-hat-in-time
Dragon Age 2,2011-03-08,"PlayStation 3, Xbox One, PC, macOS, Xbox 360",Not played,,2022-07-04 22:27:06,2022-07-04 22:27:09,,,,https://rawg.io/games/dragon-age-2
Wasteland 2: Director's Cut,2015-10-13,"Nintendo Switch, PlayStation 4, Linux, PC, macOS, Xbox One",Not played,,2022-07-04 22:26:57,2022-07-04 22:26:59,,,,https://rawg.io/games/wasteland-2-directors-cut
Thief 3: Deadly Shadows,2004-05-24,"Xbox, PC",Not played,,2022-07-04 22:26:30,2022-07-04 22:26:32,,,,https://rawg.io/games/thief-3-deadly-shadows
Guacamelee! Gold Edition,2013-08-08,"PC, macOS, Linux",Not played,,2022-07-04 22:25:50,2022-07-04 22:25:52,,,,https://rawg.io/games/guacamelee-gold-edition
Into the Breach,2018-02-26,"Nintendo Switch, macOS, PC, Android",Not played,,2022-07-04 22:25:13,2022-07-04 22:25:15,,,,https://rawg.io/games/into-the-breach
Ghostrunner,2020-10-27,"PlayStation 5, Xbox Series S/X, PlayStation 4, Nintendo Switch, PC, Xbox One",Not played,,2022-07-04 22:24:52,2022-07-04 22:24:54,,,,https://rawg.io/games/ghostrunner
Antichamber,2013-01-31,"macOS, Linux, PC",Not played,,2022-07-04 22:24:33,2022-07-04 22:24:35,,,,https://rawg.io/games/antichamber
Snake Pass,2017-03-28,"Nintendo Switch, Xbox One, PC, PlayStation 4",Played,,2022-07-04 22:23:56,2022-07-04 22:23:59,,,,https://rawg.io/games/snake-pass
It Takes Two,2021-03-26,"PlayStation 5, Xbox Series S/X, PlayStation 4, PC, Nintendo Switch, Xbox One",Not played,,2022-07-04 22:23:22,2022-07-04 22:23:25,,,,https://rawg.io/games/it-takes-two-2
South Park: The Fractured But Whole,2017-03-31,"PlayStation 4, Xbox One, PC, Nintendo Switch",Not played,,2022-07-04 22:22:59,2022-07-04 22:23:01,,,,https://rawg.io/games/south-park-the-fractured-but-whole
The Evil Within 2,2017-10-11,"PlayStation 4, PC, Xbox One",Not played,,2022-07-04 22:22:41,2022-07-04 22:22:43,,,,https://rawg.io/games/the-evil-within-2
Thief Gold,1999-10-29,PC,Not played,PC,2022-07-04 22:22:38,2022-07-04 22:22:40,,,,https://rawg.io/games/thief-gold
Assassin's Creed Valhalla,2020-11-10,"PC, Xbox One, PlayStation 5, PlayStation 4, Xbox Series S/X",Not played,,2022-07-04 22:22:07,2022-07-04 22:22:09,,,,https://rawg.io/games/assassins-creed-valhalla
Scribblenauts Unlimited,2012-11-13,"PC, Wii U, Nintendo 3DS, Android, iOS",Not played,,2022-07-04 22:21:58,2022-07-04 22:21:59,,,,https://rawg.io/games/scribblenauts-unlimited
The Banner Saga,2014-01-14,"PC, Xbox One, macOS, Linux, Nintendo Switch, PlayStation 4, Android, iOS",Not played,,2022-07-04 22:20:36,2022-07-04 22:20:39,,,,https://rawg.io/games/banner-saga
Nioh,2017-02-07,"PC, PlayStation 4",Not played,,2022-07-04 22:20:20,2022-07-04 22:20:22,,,,https://rawg.io/games/nioh
S.T.A.L.K.E.R.: Call of Pripyat,2009-10-02,"Xbox Series S/X, PlayStation 4, PC, Xbox One, Nintendo Switch",Not played,PC,2022-07-04 22:19:21,2022-07-04 22:19:24,,,,https://rawg.io/games/stalker-call-of-pripyat
Sunset Overdrive,2014-10-28,"PC, Xbox One",Not played,,2022-07-04 22:19:02,2022-07-04 22:19:04,,,,https://rawg.io/games/sunset-overdrive
Mafia II: Definitive Edition,2020-05-19,"Xbox One, PlayStation 4, PC",Not played,,2022-07-04 22:18:15,2022-07-04 22:18:17,,,,https://rawg.io/games/mafia-ii-definitive-edition
Pillars of Eternity,2015-03-26,"PlayStation 4, Xbox One, macOS, PC, Linux",Not played,,2022-07-04 22:17:46,2022-07-04 22:17:48,,,,https://rawg.io/games/pillars-of-eternity
Mass Effect 3,2012-03-05,"PlayStation 3, Xbox One, PC, Wii U, Xbox 360",Not played,,2022-07-04 22:17:33,2022-07-04 22:17:35,,,,https://rawg.io/games/mass-effect-3
The Talos Principle,2014-12-11,"Xbox One, PlayStation 4, iOS, PC, macOS, Linux, Nintendo Switch, Android",Not played,,2022-07-04 22:17:31,2022-07-04 22:17:33,,,,https://rawg.io/games/the-talos-principle
Fallout 2,1998-09-30,"macOS, PC",Not played,,2022-07-04 22:16:21,2022-07-04 22:16:23,,,,https://rawg.io/games/fallout-2-a-post-nuclear-role-playing-game
ABZU,2016-08-02,"PlayStation 4, Nintendo Switch, Xbox One, PC",Not played,,2022-07-04 22:16:16,2022-07-04 22:16:17,,,,https://rawg.io/games/abzu-2
Final Fantasy VII,2020-04-10,"PC, PlayStation 5, PlayStation 4",Not played,,2022-07-04 22:16:05,2022-07-04 22:16:08,,,,https://rawg.io/games/final-fantasy-vii-remake
Black Mesa,2020-03-06,"PC, Linux",Played,,2022-07-04 22:15:03,2022-07-04 22:15:07,,,,https://rawg.io/games/black-mesa
Assassin's Creed,2007-11-13,"PC, PlayStation 3, Xbox 360, Xbox One",Completed,,2022-07-04 22:14:58,2022-07-04 22:15:00,recommended,,2023-11-06 18:30:26,https://rawg.io/games/assassins-creed
Frostpunk,2018-04-24,"Xbox One, Nintendo Switch, PlayStation 4, PC",Not played,,2022-07-04 22:14:49,2022-07-04 22:14:51,,,,https://rawg.io/games/frostpunk
S.T.A.L.K.E.R.: Shadow of Chernobyl,2007-03-19,"Xbox Series S/X, PC, Xbox One, Nintendo Switch, PlayStation 4",Not played,PC,2022-07-04 22:14:36,2022-07-04 22:14:39,,,,https://rawg.io/games/stalker-shadow-of-chernobyl
Ori and the Will of the Wisps,2020-03-10,"Xbox One, PC, Nintendo Switch, Xbox Series S/X",Not played,,2022-07-04 22:14:04,2022-07-04 22:14:07,,,,https://rawg.io/games/ori-and-the-will-of-the-wisps
Metal Gear Rising: Revengeance,2013-02-19,"PlayStation 3, Xbox 360, PC, Android, Xbox One",Not played,,2022-07-04 22:14:00,2022-07-04 22:14:04,,,,https://rawg.io/games/metal-gear-rising-revengeance
Darksiders II,2012-08-14,"PC, Wii U, PlayStation 3, Nintendo Switch, Xbox 360",Not played,,2020-04-18 22:26:02,2022-07-04 22:13:51,recommended,,2020-04-18 23:32:14,https://rawg.io/games/darksiders-ii
To the Moon,2011-01-10,"PC, Nintendo Switch, Android, Linux, iOS, macOS",Not played,,2022-07-04 22:13:40,2022-07-04 22:13:42,,,,https://rawg.io/games/to-the-moon
Devil May Cry 5,2019-03-08,"PlayStation 5, Xbox One, PC, PlayStation 4",Not played,,2022-07-04 22:13:07,2022-07-04 22:13:09,,,,https://rawg.io/games/devil-may-cry-5
FINAL FANTASY XV,2016-11-29,"PlayStation 4, PC, Xbox One",Not played,,2022-07-04 22:13:04,2022-07-04 22:13:07,,,,https://rawg.io/games/final-fantasy-xv
Divinity: Original Sin 2,2017-09-14,"PlayStation 4, Nintendo Switch, PC, Xbox One",Played,,2022-07-04 22:12:59,2022-07-04 22:13:02,,,,https://rawg.io/games/divinity-original-sin-2
Subnautica,2018-01-23,"PlayStation 4, Xbox Series S/X, PC, macOS, Nintendo Switch, Xbox One, PlayStation 5",Not played,,2022-07-04 22:12:53,2022-07-04 22:12:55,,,,https://rawg.io/games/subnautica
Broforce,2015-10-15,"Nintendo Switch, PlayStation 4, Linux, macOS, PC",Not played,,2022-07-04 22:12:49,2022-07-04 22:12:50,,,,https://rawg.io/games/broforce
The Witness,2016-01-25,"Android, macOS, PC, iOS, Xbox One, PlayStation 4",Not played,,2022-07-04 22:12:37,2022-07-04 22:12:39,,,,https://rawg.io/games/the-witness
Grim Fandango Remastered,2015-01-26,"PC, PlayStation 4, PS Vita, Xbox One, Nintendo Switch, iOS, Linux, macOS, Android",Not played,,2022-07-04 22:12:06,2022-07-04 22:12:08,,,,https://rawg.io/games/grim-fandango-remastered
Fallout 3,2008-10-28,"Xbox 360, PC, Xbox One, PlayStation 3",Completed,,2020-04-18 22:25:44,2022-07-04 22:11:55,exceptional,,2023-06-30 16:53:31,https://rawg.io/games/fallout-3
Dead Space 2,2011-01-25,"Xbox 360, PC, Xbox One, PlayStation 3",Not played,,2022-07-04 22:11:48,2022-07-04 22:11:50,,,,https://rawg.io/games/dead-space-2
Wolfenstein II: The New Colossus,2017-10-25,"PlayStation 4, PC, Nintendo Switch, Xbox One",Not played,,2022-07-04 22:11:31,2022-07-04 22:11:32,,,,https://rawg.io/games/wolfenstein-2-the-new-colossus
Metro Exodus,2019-02-13,"PC, PlayStation 5, Xbox One, PlayStation 4",Not played,,2022-07-04 22:11:16,2022-07-04 22:11:18,,,,https://rawg.io/games/metro-exodus
FEZ,2012-04-13,"Nintendo Switch, PlayStation 3, Xbox 360, PlayStation 4, PS Vita, iOS, PC, macOS, Linux",Not played,,2022-07-04 22:11:11,2022-07-04 22:11:13,,,,https://rawg.io/games/fez
Deus Ex: Human Revolution - Director's Cut,2013-10-22,"Wii U, PC, macOS, Xbox 360, PlayStation 3",Not played,,2022-07-04 22:10:57,2022-07-04 22:10:59,,,,https://rawg.io/games/deus-ex-human-revolution-directors-cut
Fallout,1997-09-30,"Classic Macintosh, PC, Linux, macOS",Not played,,2020-04-18 22:23:04,2022-07-04 22:10:27,exceptional,,2020-04-18 23:31:42,https://rawg.io/games/fallout-a-post-nuclear-role-playing-game
Darksiders,2010-01-27,"PlayStation 3, Xbox One, Xbox 360, Nintendo Switch, PC",Completed,,2020-04-18 22:22:49,2022-07-04 22:10:24,recommended,,2020-04-18 23:32:12,https://rawg.io/games/darksiders
Firewatch,2016-02-08,"macOS, Linux, Nintendo Switch, PlayStation 4, Xbox One, PC",Not played,,2020-04-18 22:24:07,2022-07-04 22:10:19,exceptional,,2020-04-18 23:31:40,https://rawg.io/games/firewatch
Resident Evil 7: Biohazard,2017-01-23,"macOS, PlayStation 4, PC, Xbox One, Nintendo Switch",Completed,,2022-07-04 22:10:06,2022-07-04 22:10:12,,,,https://rawg.io/games/resident-evil-7-biohazard
Metro 2033 Redux,2014-08-25,"PlayStation 4, Xbox One, Nintendo Switch, PC, macOS, Linux",Not played,,2022-07-04 22:09:37,2022-07-04 22:09:40,,,,https://rawg.io/games/metro-redux
Brothers: A Tale of Two Sons,2013-08-07,"PlayStation 3, Xbox One, iOS, Nintendo Switch, Xbox 360, PlayStation 4, Android, PC",Not played,,2022-07-04 22:09:29,2022-07-04 22:09:31,,,,https://rawg.io/games/brothers-a-tale-of-two-sons-2
Metro: Last Light Redux,2014-08-25,"Nintendo Switch, PC, Linux, Xbox One, PlayStation 4, macOS",Not played,,2022-07-04 22:09:20,2022-07-04 22:09:22,,,,https://rawg.io/games/metro-last-light-redux
Brutal Legend,2009-10-12,"Xbox 360, PlayStation 3, Xbox One, iOS, PC, Linux, macOS",Not played,,2022-07-04 22:09:09,2022-07-04 22:09:12,,,,https://rawg.io/games/brutal-legend
Just Cause 3,2015-11-30,"Xbox One, PlayStation 4, PC",Played,,2022-07-04 22:08:51,2022-07-04 22:08:53,,,,https://rawg.io/games/just-cause-3
Mass Effect,2007-11-16,"PC, Xbox One, Xbox 360, PlayStation 3",Not played,,2022-07-04 22:08:40,2022-07-04 22:08:45,,,,https://rawg.io/games/mass-effect
Path of Exile,2013-10-23,"Xbox One, PlayStation 4, PC",Played,,2022-07-04 22:08:33,2022-07-04 22:08:35,,,,https://rawg.io/games/path-of-exile
Mass Effect 2,2010-01-26,"PC, Xbox One, PlayStation 3, Xbox 360",Not played,,2022-07-04 22:08:26,2022-07-04 22:08:28,,,,https://rawg.io/games/mass-effect-2
Saints Row: The Third,2011-11-15,"Linux, PC, Xbox One, Xbox 360, PlayStation 3",Completed,,2022-07-04 22:07:51,2022-07-04 22:07:53,,,,https://rawg.io/games/saints-row-the-third
Deus Ex: Mankind Divided,2016-08-22,"Linux, PC, Xbox One, macOS, PlayStation 4",Not played,,2022-07-04 22:07:36,2022-07-04 22:07:39,,,,https://rawg.io/games/deus-ex-mankind-divided
Half-Life 2: Episode Two,2007-10-10,"Android, macOS, PC, Linux, Xbox 360",Not played,,2022-07-04 22:07:32,2022-07-04 22:07:34,,,,https://rawg.io/games/half-life-2-episode-two
DOOM (2016),2016-05-12,"PC, PlayStation 4, Nintendo Switch, Xbox One",Not played,,2022-07-04 22:07:24,2022-07-04 22:07:26,,,,https://rawg.io/games/doom
Limbo,2010-07-21,"PC, Android, PS Vita, PlayStation 4, PlayStation 3, Xbox 360, Linux, macOS, iOS, Xbox One, Nintendo Switch",Not played,,2022-07-04 22:07:21,2022-07-04 22:07:23,,,,https://rawg.io/games/limbo
Half-Life 2,2004-11-16,"PC, macOS, Xbox 360, Linux, Xbox, Android",Not played,,2022-07-04 22:07:11,2022-07-04 22:07:20,,,,https://rawg.io/games/half-life-2
BioShock Infinite,2013-03-26,"PlayStation 4, Xbox 360, Nintendo Switch, Linux, PC, PlayStation 3, Xbox One",Not played,,2022-07-04 22:07:12,2022-07-04 22:07:17,,,,https://rawg.io/games/bioshock-infinite
Middle-earth: Shadow of Mordor,2014-09-30,"Linux, Xbox One, Xbox 360, PlayStation 3, PlayStation 4, macOS, PC",Completed,,2022-07-04 22:07:02,2022-07-04 22:07:04,recommended,,2023-06-30 16:53:37,https://rawg.io/games/shadow-of-mordor
BioShock 2,2010-02-09,"PlayStation 4, Xbox One, Nintendo Switch, PC, macOS, Xbox 360, PlayStation 3",Not played,,2022-07-04 22:06:50,2022-07-04 22:06:52,,,,https://rawg.io/games/bioshock-2
Metro 2033,2010-03-16,"Xbox 360, PC",Not played,,2020-04-18 22:21:06,2022-07-04 22:06:33,recommended,,2020-04-18 23:32:13,https://rawg.io/games/metro-2033
Grand Theft Auto IV,2008-04-29,"Xbox 360, PC, PlayStation 3, Xbox One",Completed,,2020-04-18 22:20:19,2022-07-04 22:06:24,exceptional,,2020-04-18 23:31:38,https://rawg.io/games/grand-theft-auto-iv
Assassin's Creed Odyssey,2018-10-05,"PlayStation 4, PC, Xbox One, Nintendo Switch",Played,,2020-04-18 22:26:23,2022-06-24 22:45:27,exceptional,,2020-04-18 23:32:35,https://rawg.io/games/assassins-creed-odyssey
The Legend of Zelda: Skyward Sword HD,2021-07-16,Nintendo Switch,Not played,Nintendo Switch,2022-06-20 21:20:29,2022-06-24 22:45:20,,,,https://rawg.io/games/the-legend-of-zelda-skyward-sword-hd
Dark Souls: Remastered,2018-05-23,"Nintendo Switch, PC, PlayStation 4, Xbox One",Completed,,2022-05-13 11:19:21,2022-06-24 22:31:57,exceptional,,2023-06-30 16:53:42,https://rawg.io/games/dark-souls8482-remastered
Metal Gear Solid V: Ground Zeroes,2014-03-18,"Xbox 360, PC, PlayStation 3, PlayStation 4, Xbox One",Completed,,2021-04-22 10:21:02,2021-05-11 01:27:23,exceptional,,2022-01-29 19:35:20,https://rawg.io/games/metal-gear-solid-v-ground-zeroes
Suzerain,2020-12-04,"iOS, PC, macOS, Linux",Played,,2020-12-05 09:13:20,2021-05-11 01:27:30,recommended,,2022-01-29 19:35:16,https://rawg.io/games/suzerain
Slay the Spire,2019-01-22,"Xbox One, iOS, PC, macOS, Linux, Nintendo Switch, PlayStation 4, Android",Played,,2020-04-18 22:37:25,2021-05-11 01:27:32,exceptional,,2020-04-18 23:32:40,https://rawg.io/games/slay-the-spire
Dragon Age: Origins Awakening,2010-03-16,"PlayStation 3, PC, macOS, Xbox 360",Completed,,2021-03-08 19:49:26,2021-05-11 01:27:42,recommended,,2022-01-29 19:35:10,https://rawg.io/games/dragon-age-origins-awakening
Batman: Arkham Origins,2013-10-25,"PlayStation 3, PC, Android, Xbox 360",Completed,,2020-04-18 22:23:47,2020-04-18 23:13:24,recommended,,2020-04-18 23:22:30,https://rawg.io/games/batman-arkham-origins
Uncharted 3: Drake's Deception,2011-11-01,"PlayStation 4, PlayStation 3",Completed,,2020-04-18 22:23:34,2020-04-18 23:16:50,exceptional,,2020-04-18 23:24:43,https://rawg.io/games/uncharted-3-drakes-deception
Unturned,2014-07-07,"PlayStation 4, Linux, macOS, PC, Nintendo Switch, Xbox One",Completed,,2020-04-18 22:24:55,2020-04-18 23:16:51,recommended,,2020-04-18 23:22:19,https://rawg.io/games/unturned
Fallout Shelter,2015-06-15,"PlayStation 4, Xbox One, PC, Nintendo Switch, Android, iOS",Completed,,2020-04-18 22:27:59,2020-04-18 23:10:43,recommended,,2020-04-18 23:21:46,https://rawg.io/games/fallout-shelter
Dragon Age: Inquisition,2014-11-18,"Xbox 360, PlayStation 3, PlayStation 4, Xbox One, PC",Completed,,2020-04-18 22:28:48,2020-04-18 23:11:09,recommended,,2020-04-18 23:22:08,https://rawg.io/games/dragon-age-inquisition
Ratchet & Clank,2016-04-12,PlayStation 4,Completed,PlayStation 4,2020-04-18 22:26:59,2020-04-18 23:14:35,recommended,,2020-04-18 23:21:00,https://rawg.io/games/ratchet-clank
Dead Cells,2018-08-07,"Xbox One, Nintendo Switch, PlayStation 4, macOS, Linux, iOS, PC",Played,,2020-04-18 22:29:07,2020-04-18 23:07:14,exceptional,,2020-04-18 23:32:31,https://rawg.io/games/dead-cells
Kingdom Come: Deliverance,2018-02-13,"PlayStation 4, Xbox One, PC",Completed,,2020-04-18 22:27:41,2020-04-18 23:07:22,exceptional,,2020-04-18 23:20:38,https://rawg.io/games/kingdom-come-deliverance
Spelunky,2012-07-04,"PlayStation 3, Xbox 360, PC, PlayStation 4, PS Vita",Completed,,2020-04-18 22:29:10,2020-04-18 23:11:51,exceptional,,2020-04-18 23:24:29,https://rawg.io/games/spelunky
Batman: Arkham City,2011-10-18,"PlayStation 3, Nintendo Switch, macOS, PlayStation 4, Xbox One, PC, Xbox 360",Completed,,2020-04-18 22:25:24,2020-04-18 23:13:25,exceptional,,2020-04-18 23:24:49,https://rawg.io/games/batman-arkham-city-2
Overcooked,2016-08-01,"PlayStation 4, Nintendo Switch, Xbox One, PC",Completed,,2020-04-18 22:26:44,2020-04-18 23:14:21,recommended,,2020-04-18 23:20:55,https://rawg.io/games/overcooked
Battlefield 3,2011-10-25,"PlayStation 3, Xbox One, PC, Xbox 360",Completed,,2020-04-18 22:29:56,2020-04-18 23:13:22,recommended,,2020-04-18 23:24:47,https://rawg.io/games/battlefield-3
Bully: Scholarship Edition,2008-03-04,"PC, Wii, Xbox 360",Completed,,2020-04-18 22:33:46,2020-04-18 23:13:30,exceptional,,2020-04-18 23:26:28,https://rawg.io/games/bully-scholarship-edition
Crysis 2,2011-03-22,"Xbox 360, PlayStation 3, PC",Completed,,2020-04-18 22:42:48,2020-04-18 23:13:40,recommended,,2020-04-18 23:25:03,https://rawg.io/games/crysis-2
Book of Demons,2018-12-13,"PlayStation 4, Xbox One, Nintendo Switch, PC",Completed,PC,2020-04-18 22:59:24,2020-04-18 22:59:29,recommended,,2020-04-18 23:20:23,https://rawg.io/games/book-of-demons
Hitman: Absolution,2012-11-19,"PlayStation 3, macOS, PC, Nintendo Switch, Xbox 360, Xbox One, PlayStation 4",Completed,,2020-04-18 23:05:23,2020-04-18 23:11:27,recommended,,2020-04-18 23:24:08,https://rawg.io/games/hitman-absolution
Far Cry 3,2012-11-28,"Xbox One, Xbox 360, PlayStation 3, PC, PlayStation 4",Completed,,2020-04-18 22:22:06,2020-04-18 23:11:25,exceptional,,2020-04-18 23:24:03,https://rawg.io/games/far-cry-3
Mount & Blade: With Fire & Sword,2009-12-04,PC,Completed,PC,2020-04-18 22:45:27,2020-04-18 23:12:11,recommended,,2020-04-18 23:25:36,https://rawg.io/games/mount-blade-2
Mirror's Edge,2008-11-11,"Xbox 360, PlayStation 3, PC",Played,,2020-04-18 22:21:36,2020-04-18 23:12:35,recommended,,2020-04-18 23:32:07,https://rawg.io/games/mirrors-edge
Deadpool,2013-06-25,"Xbox 360, PC, PlayStation 3, PlayStation 4, Xbox One",Completed,,2020-04-18 22:44:26,2020-04-18 23:13:58,meh,,2020-04-18 23:22:54,https://rawg.io/games/deadpool
Rayman Legends,2013-08-29,"Xbox One, Xbox 360, PlayStation 3, PC, Nintendo Switch, Wii U, PlayStation 4, PS Vita",Completed,,2020-04-18 22:24:45,2020-04-18 23:14:37,exceptional,,2020-04-18 23:22:37,https://rawg.io/games/rayman-legends
Shovel Knight,2014-06-26,"Wii U, PlayStation 3, PlayStation 4, PS Vita, Linux, Xbox One, Nintendo Switch, Nintendo 3DS, PC, macOS",Played,,2020-04-18 22:50:16,2020-04-18 23:14:46,exceptional,,2020-04-18 23:31:46,https://rawg.io/games/shovel-knight
SPORE,2008-09-04,PC,Completed,PC,2020-04-18 23:05:11,2020-04-18 23:14:50,recommended,,2020-04-18 23:26:26,https://rawg.io/games/spore
Grand Theft Auto: San Andreas,2004-10-26,"macOS, PC, iOS, Xbox, Android, PlayStation 4, PlayStation 3, PlayStation 2, Xbox 360, Xbox One",Completed,,2020-04-18 22:21:54,2020-04-18 23:15:31,exceptional,,2020-04-18 23:26:45,https://rawg.io/games/grand-theft-auto-san-andreas
Trials Fusion,2014-04-15,"PlayStation 4, Xbox 360, PC, Xbox One",Played,,2020-04-18 22:34:27,2020-04-18 23:16:43,recommended,,2020-04-18 23:31:30,https://rawg.io/games/trials-fusion
Fallout: New Vegas,2010-10-19,"Xbox 360, PC, Xbox One, PlayStation 4, PlayStation 3",Completed,,2020-04-18 22:22:49,2020-04-18 23:15:19,exceptional,,2020-04-18 23:25:10,https://rawg.io/games/fallout-new-vegas
The Sims 4,2014-09-02,"PlayStation 4, macOS, PC, Xbox One, Xbox Series S/X",Completed,,2020-04-18 22:41:56,2020-04-18 23:16:31,recommended,,2020-04-18 23:22:14,https://rawg.io/games/the-sims-4
The Stanley Parable,2013-10-17,"PC, macOS, Linux",Completed,,2020-04-18 22:23:55,2020-04-18 23:16:33,recommended,,2020-04-18 23:22:28,https://rawg.io/games/the-stanley-parable
Tropico 5,2014-05-22,"PlayStation 4, PC, macOS, Linux, Xbox 360",Played,,2020-04-18 22:33:13,2020-04-18 23:16:48,recommended,,2020-04-18 23:31:27,https://rawg.io/games/tropico-5
Call of Duty: World at War,2008-11-11,"Xbox 360, PC, PlayStation 3, Nintendo DS, Xbox One, Wii",Completed,,2020-04-18 22:31:38,2020-04-18 23:12:37,meh,,2020-04-18 23:26:06,https://rawg.io/games/call-of-duty-world-at-war
Saints Row IV,2013-08-20,"PlayStation 3, PC, Xbox One, PlayStation 4, Xbox 360, Linux",Completed,,2020-04-18 22:23:33,2020-04-18 23:14:44,recommended,,2020-04-18 23:22:44,https://rawg.io/games/saints-row-iv
Swords & Souls: Neverseen,2019-11-26,"macOS, PC",Completed,,2020-04-18 23:05:07,2020-04-18 23:06:53,recommended,,2020-04-18 23:20:01,https://rawg.io/games/swords-souls-neverseen
Hollow Knight,2017-02-23,"PlayStation 4, Linux, macOS, PC, Nintendo Switch, Xbox One",Completed,,2020-04-18 22:23:39,2020-04-18 23:07:42,exceptional,,2020-04-18 23:20:46,https://rawg.io/games/hollow-knight
Enter the Gungeon,2016-04-04,"PlayStation 4, Nintendo Switch, Linux, macOS, PC, Xbox One",Played,,2020-04-18 22:33:54,2020-04-18 23:14:07,recommended,,2020-04-18 23:31:55,https://rawg.io/games/enter-the-gungeon
The Witcher: Enhanced Edition Director's Cut,2008-09-16,"PC, macOS",Completed,,2020-04-18 22:21:43,2020-04-18 23:16:39,recommended,,2020-04-18 23:26:22,https://rawg.io/games/the-witcher-enhanced-edition-directors-cut
Outer Wilds,2019-05-29,"PlayStation 4, Nintendo Switch, Xbox One, PC",Completed,,2020-04-18 22:58:18,2020-04-18 23:06:56,exceptional,,2020-04-18 22:58:28,https://rawg.io/games/outer-wilds
while True: learn(),2018-03-28,"iOS, PC, macOS, Linux, Nintendo Switch, PlayStation 4",Completed,,2020-04-18 23:06:19,2020-04-18 23:07:18,recommended,,2020-04-18 23:20:33,https://rawg.io/games/while-true-learn
Dying Light: The Following - Enhanced Edition,2015-01-26,"macOS, PC, Linux, Xbox One, PlayStation 4",Completed,,2020-04-18 22:29:35,2020-04-18 23:10:54,meh,,2020-04-18 23:21:58,https://rawg.io/games/dying-light-the-following-enhanced-edition
God of War: Ascension,2013-03-12,PlayStation 3,Played,PlayStation 3,2020-04-18 22:48:22,2020-04-18 23:11:21,meh,,2020-04-18 23:32:20,https://rawg.io/games/god-of-war-ascension
PAYDAY 2,2013-08-13,"Linux, PC, Xbox One",Completed,,2020-04-18 22:20:17,2020-04-18 23:14:25,exceptional,,2020-04-18 23:22:47,https://rawg.io/games/payday-2
Prototype 2,2012-04-24,"Xbox One, PC, Xbox 360, PlayStation 3, PlayStation 4",Completed,,2020-04-18 22:48:49,2020-04-18 23:14:32,recommended,,2020-04-18 23:24:35,https://rawg.io/games/prototype-2
Goat Simulator,2014-04-01,"Xbox One, Xbox 360, PlayStation 3, PlayStation 4, Android, iOS, macOS, Linux, PC",Completed,,2020-04-18 22:26:09,2020-04-18 23:15:22,recommended,,2020-04-18 23:22:22,https://rawg.io/games/goat-simulator
Hitman: Blood Money,2006-05-29,"Xbox, PlayStation 4, PlayStation 3, PlayStation 2, PC, Xbox 360",Played,,2020-04-18 22:27:35,2020-04-18 23:15:54,exceptional,,2020-04-18 23:31:37,https://rawg.io/games/hitman-blood-money
L.A. Noire,2011-05-17,"PlayStation 4, PlayStation 3, Xbox 360, PC, Xbox One, Nintendo Switch",Played,,2020-04-18 22:21:51,2020-04-18 23:16:02,recommended,,2020-04-18 23:31:32,https://rawg.io/games/la-noire
Wolfenstein: The New Order,2014-05-19,"Xbox One, PC, Xbox 360, PlayStation 3, PlayStation 4",Completed,,2020-04-18 22:21:56,2020-04-18 23:16:57,recommended,,2020-04-18 23:22:21,https://rawg.io/games/wolfenstein-the-new-order
Darkest Dungeon,2016-01-18,"PC, macOS, Nintendo Switch, Linux, PS Vita, Xbox One, PlayStation 4",Not played,,2020-04-18 22:27:51,2020-07-11 19:00:17,exceptional,,2020-04-18 23:31:59,https://rawg.io/games/darkest-dungeon
God of War (2018),2018-04-20,"PC, PlayStation 4",Completed,PlayStation 4,2020-04-18 22:20:41,2020-04-18 23:07:16,exceptional,,2020-04-18 23:20:30,https://rawg.io/games/god-of-war-2
Left 4 Dead 2,2009-11-17,"Xbox 360, Linux, PC, macOS",Completed,,2020-04-18 22:20:32,2020-04-18 23:12:15,exceptional,,2020-04-18 23:25:50,https://rawg.io/games/left-4-dead-2
Portal 2,2011-04-18,"PlayStation 3, PC, Xbox 360, Linux, macOS, Xbox One",Completed,,2020-04-18 22:19:58,2020-04-18 23:14:30,exceptional,,2020-04-18 23:24:55,https://rawg.io/games/portal-2
The Walking Dead: Season 1,2012-04-23,"Android, PS Vita, macOS, PC, iOS, PlayStation 4, PlayStation 3, Xbox 360, Nintendo Switch, Xbox One",Completed,,2020-04-18 22:20:42,2020-04-18 23:16:35,exceptional,,2020-04-18 23:24:37,https://rawg.io/games/the-walking-dead
Call of Duty: Black Ops II,2012-11-13,"Wii U, Xbox One, Xbox 360, PlayStation 3, PC",Completed,,2020-04-18 22:26:40,2020-04-18 23:11:29,recommended,,2020-04-18 23:24:13,https://rawg.io/games/cod-black-ops-ii
Batman: Arkham Asylum Game of the Year Edition,2010-03-26,"PlayStation 3, PC, PlayStation 4, Xbox 360",Completed,,2020-04-18 22:23:18,2020-04-18 23:11:58,exceptional,,2020-04-18 23:25:23,https://rawg.io/games/batman-aa-goty
Call of Duty: Modern Warfare 2,2009-11-10,"PlayStation 3, macOS, PC, Xbox One, Xbox 360",Completed,,2020-04-18 22:24:28,2020-04-18 23:12:20,exceptional,,2020-04-18 23:25:53,https://rawg.io/games/modern-warfare-2
Mafia II,2010-08-24,"PlayStation 3, Xbox 360, PC, Xbox One",Played,,2020-04-18 22:23:19,2020-04-18 23:14:13,recommended,,2020-04-18 23:31:53,https://rawg.io/games/mafia-ii
INSIDE,2016-06-28,"Nintendo Switch, PC, iOS, macOS, Xbox One, PlayStation 4",Completed,,2020-04-18 22:24:22,2020-04-18 23:15:57,exceptional,,2020-04-18 23:20:57,https://rawg.io/games/inside
Layers of Fear,2016-02-16,"PlayStation 4, Linux, macOS, PC, iOS, Xbox One",Completed,,2020-04-18 22:22:59,2020-04-18 23:16:05,meh,,2020-04-18 23:21:08,https://rawg.io/games/layers-of-fear
Valiant Hearts: The Great War,2014-06-24,"PlayStation 3, Xbox 360, Nintendo Switch, PC, iOS, Android, Xbox One, PlayStation 4",Played,,2020-04-18 22:28:26,2020-04-18 23:16:55,exceptional,,2020-04-18 23:31:26,https://rawg.io/games/valiant-hearts-the-great-war
Far Cry 3: Blood Dragon,2013-04-30,"PlayStation 3, PC, PlayStation 4, Xbox 360, Xbox One",Played,,2020-04-18 22:28:32,2020-07-11 19:00:20,meh,,2020-04-18 23:32:23,https://rawg.io/games/far-cry-3-blood-dragon-2
Mad Max,2015-08-31,"PC, Xbox One, PlayStation 4, Xbox 360, Linux, macOS",Played,,2020-04-18 22:22:39,2020-04-18 23:10:24,recommended,,2020-04-18 23:32:28,https://rawg.io/games/mad-max
Monaco: What's Yours Is Mine,2013-04-24,"PC, Xbox 360, macOS, Linux",Completed,,2020-04-18 22:27:32,2020-04-18 23:11:18,recommended,,2020-04-18 23:23:01,https://rawg.io/games/monaco-whats-yours-is-mine
Hotline Miami,2012-10-22,"Linux, Nintendo Switch, Xbox One, PlayStation 4, PS Vita, PC",Played,,2020-04-18 22:21:37,2020-04-18 23:11:35,recommended,,2020-04-18 23:32:16,https://rawg.io/games/hotline-miami
Dishonored,2012-09-25,"PlayStation 4, PlayStation 3, Xbox 360, PC, Xbox One",Completed,,2020-04-18 22:22:41,2020-04-18 23:11:37,exceptional,,2020-04-18 23:24:20,https://rawg.io/games/dishonored
Sleeping Dogs,2012-08-14,"PC, Xbox 360, PlayStation 3",Completed,,2020-04-18 22:25:55,2020-04-18 23:11:43,recommended,,2020-04-18 23:24:27,https://rawg.io/games/sleeping-dogs
Spec Ops: The Line,2012-06-26,"Xbox 360, PlayStation 3, Xbox One, PC",Completed,,2020-04-18 22:21:20,2020-04-18 23:11:49,exceptional,,2020-04-18 23:24:31,https://rawg.io/games/spec-ops-the-line
The Elder Scrolls V: Skyrim,2011-11-11,"PC, Xbox Series S/X, PlayStation 5, Xbox One, PlayStation 4, Nintendo Switch, Xbox 360, PlayStation 3",Completed,,2020-04-18 22:20:02,2020-04-18 23:16:26,exceptional,,2020-04-18 23:24:41,https://rawg.io/games/the-elder-scrolls-v-skyrim
Resident Evil 2,2019-01-25,"Nintendo Switch, PlayStation 5, PlayStation 4, PC, macOS, Xbox One",Completed,,2020-04-18 22:31:02,2020-04-18 23:07:02,exceptional,,2020-04-18 23:20:20,https://rawg.io/games/resident-evil-2-2019
Kingdom: New Lands,2015-10-21,"Android, PlayStation 4, Nintendo Switch, Linux, macOS, PC, iOS, Xbox One",Completed,,2020-04-18 22:39:46,2020-04-18 23:10:16,recommended,,2020-04-18 23:21:28,https://rawg.io/games/kingdom-new-lands
Batman: Arkham Knight,2015-06-23,"PC, Nintendo Switch, Xbox One, PlayStation 4",Completed,,2020-04-18 22:21:33,2020-04-18 23:10:41,exceptional,,2020-04-18 23:21:42,https://rawg.io/games/batman-arkham-knight
Call of Juarez: Gunslinger,2013-05-14,"PlayStation 3, PC, Nintendo Switch, Xbox 360, Xbox One",Completed,,2020-04-18 22:33:55,2020-04-18 23:11:15,recommended,,2020-04-18 23:22:59,https://rawg.io/games/call-of-juarez-gunslinger
Assassin’s Creed III,2012-10-30,"Wii U, Xbox 360, PlayStation 3, Xbox One, PlayStation 4, PC",Completed,,2020-04-18 22:24:26,2020-04-18 23:11:32,recommended,,2020-04-18 23:24:18,https://rawg.io/games/assassins-creed-iii-2
Borderlands 2,2012-09-18,"PlayStation 3, macOS, PC, Android, Linux, PS Vita, Xbox 360",Completed,,2020-04-18 22:20:30,2020-04-18 23:11:39,recommended,,2020-04-18 23:24:23,https://rawg.io/games/borderlands-2
Assassin’s Creed IV: Black Flag,2013-10-29,"Xbox 360, Xbox One, PC, Nintendo Switch, Wii U, PlayStation 3, PlayStation 4",Completed,,2020-04-18 22:22:32,2020-04-18 23:13:18,recommended,,2020-04-18 23:22:26,https://rawg.io/games/assassins-creed-iv-black-flag
Call of Duty: Modern Warfare Remastered,2016-10-05,"Xbox One, PlayStation 4, PC",Completed,,2020-04-18 22:30:05,2020-04-18 23:13:33,recommended,,2020-04-18 23:20:51,https://rawg.io/games/call-of-duty-modern-warfare-remastered
Dead Space (2008),2008-10-13,"PlayStation 3, PC, Xbox One, Xbox 360",Played,,2020-04-18 22:22:10,2020-04-18 23:14:02,exceptional,,2020-04-18 23:31:57,https://rawg.io/games/dead-space
"Papers, Please",2013-08-08,"Linux, macOS, PC, iOS, Android, PS Vita",Completed,,2020-04-18 22:25:41,2020-04-18 23:14:23,recommended,,2020-04-18 23:22:50,https://rawg.io/games/papers-please
Portal,2007-10-09,"macOS, PC, Android, PlayStation 3, Xbox 360, Linux, Nintendo Switch",Played,,2020-04-18 22:20:04,2020-04-18 23:14:27,exceptional,,2020-04-18 23:31:49,https://rawg.io/games/portal
Resident Evil 4 (2005),2005-01-11,"GameCube, Android, PC, iOS, PlayStation 4, PlayStation 2, Wii",Played,,2020-04-18 22:27:24,2020-04-18 23:14:42,exceptional,,2020-04-18 23:31:47,https://rawg.io/games/resident-evil-4
Grand Theft Auto: Vice City,2002-10-27,"Android, macOS, PC, iOS, PlayStation 4, PS Vita, PlayStation 2, Xbox",Completed,,2020-04-18 22:22:43,2020-04-18 23:15:42,exceptional,,2020-04-18 23:26:47,https://rawg.io/games/grand-theft-auto-vice-city
Vampire: The Masquerade - Bloodlines,2004-11-15,PC,Completed,PC,2020-04-18 22:37:01,2020-04-22 13:28:37,exceptional,,2020-04-18 23:32:44,https://rawg.io/games/vampire-the-masquerade-bloodlines
Grand Theft Auto V,2013-09-17,"PlayStation 5, Xbox Series S/X, PlayStation 3, PC, PlayStation 4, Xbox 360, Xbox One",Completed,,2020-04-18 22:19:50,2020-04-18 22:19:57,exceptional,,2020-04-18 23:22:34,https://rawg.io/games/grand-theft-auto-v
The Witcher 3: Wild Hunt,2015-05-18,"PlayStation 5, Xbox Series S/X, macOS, PlayStation 4, Nintendo Switch, PC, Xbox One",Completed,,2020-04-18 22:20:00,2020-04-18 23:10:44,exceptional,,2020-04-18 23:21:48,https://rawg.io/games/the-witcher-3-wild-hunt
Fallout 4,2015-11-09,"PlayStation 4, PC, PlayStation 5, Xbox One",Completed,,2020-04-18 22:20:16,2020-04-18 23:15:15,recommended,,2020-04-18 23:21:20,https://rawg.io/games/fallout-4
Two Point Hospital,2018-08-29,"PlayStation 4, Nintendo Switch, PC, iOS, Xbox One, macOS",Played,,2020-04-18 22:45:41,2020-04-18 23:07:10,recommended,,2020-04-18 23:32:32,https://rawg.io/games/two-point-hospital
Dead Island Riptide,2013-04-22,"PC, Xbox 360, PlayStation 3",Completed,,2020-04-18 22:36:40,2020-04-18 23:11:19,meh,,2020-04-18 23:23:55,https://rawg.io/games/dead-island-riptide
Fallout 3: Game of the Year Edition,2009-10-13,"Xbox 360, PlayStation 3, PC",Completed,,2020-04-18 22:30:01,2020-04-18 23:12:23,exceptional,,2020-04-18 23:25:55,https://rawg.io/games/fallout-3-game-of-the-year-edition
Batman: Arkham Asylum,2009-08-25,"Nintendo Switch, macOS, PC, PlayStation 4, PlayStation 3, Xbox 360, Xbox One",Completed,,2020-04-18 22:26:41,2020-04-18 23:12:27,exceptional,,2020-04-18 23:25:57,https://rawg.io/games/batman-arkham-asylum
Minecraft,2009-05-10,"Android, PS Vita, PlayStation 4, PlayStation 3, Xbox 360, Nintendo 3DS, Nintendo Switch, macOS, PC, iOS, Wii U, Xbox One, Linux",Completed,,2020-04-18 22:29:41,2020-04-18 23:12:30,exceptional,,2020-04-18 23:26:02,https://rawg.io/games/minecraft
Call of Duty: Black Ops,2010-11-09,"iOS, Nintendo DS, PlayStation 3, macOS, PC, Xbox One, Wii, Xbox 360",Completed,,2020-04-18 22:25:07,2020-04-18 23:13:36,exceptional,,2020-04-18 23:32:01,https://rawg.io/games/call-of-duty-black-ops
Outlast,2013-09-03,"Linux, macOS, Nintendo Switch, PC, Xbox One, PlayStation 4",Completed,,2020-04-18 22:21:40,2020-04-18 23:14:19,recommended,,2020-04-18 23:22:35,https://rawg.io/games/outlast
Stardew Valley,2016-02-25,"Nintendo Switch, Xbox One, PC, iOS, macOS, Linux, PlayStation 4, PS Vita, Android",Completed,,2020-04-18 22:23:45,2020-04-18 23:14:57,exceptional,,2020-04-18 23:21:03,https://rawg.io/games/stardew-valley
Beholder,2016-11-08,"Nintendo Switch, iOS, Xbox One, PC, macOS, Linux, PlayStation 4, Android",Played,,2020-04-18 22:35:28,2020-04-18 23:13:28,recommended,,2020-04-18 23:32:03,https://rawg.io/games/beholder
Prison Architect,2015-10-05,"Xbox One, PC, macOS, Linux, Nintendo Switch, PlayStation 4",Played,,2020-04-18 22:31:06,2020-04-18 23:10:19,recommended,,2020-04-18 23:32:29,https://rawg.io/games/prison-architect-all-day-and-a-psych
Do Not Feed the Monkeys,2018-10-22,"Linux, Android, PlayStation 4, Nintendo Switch, Xbox One, PC, macOS, iOS",Completed,,2020-04-18 23:00:10,2020-04-18 23:07:06,recommended,,2020-04-18 23:00:18,https://rawg.io/games/do-not-feed-the-monkeys
Disco Elysium,2019-10-14,"PC, macOS, Xbox One, Nintendo Switch, PlayStation 4, Xbox Series S/X, PlayStation 5",Completed,PC,2020-04-18 22:45:42,2020-04-18 23:06:55,exceptional,,2020-04-18 23:20:10,https://rawg.io/games/disco-elysium
A Way Out,2018-03-23,"PC, Xbox One, PlayStation 4",Completed,,2020-04-18 22:34:44,2020-04-18 23:07:21,exceptional,,2020-04-18 23:20:36,https://rawg.io/games/a-way-out-2018
Forager,2016-12-14,"Xbox One, PlayStation 4, iOS, Nintendo Switch, PC",Completed,,2020-04-18 23:05:28,2020-04-18 23:07:48,recommended,,2020-04-18 23:20:49,https://rawg.io/games/forager
Party Hard,2015-08-24,"Xbox One, PlayStation 4, Nintendo Switch, PC, macOS, Linux, Android",Completed,,2020-04-18 22:49:59,2020-04-18 23:10:29,recommended,,2020-04-18 23:21:34,https://rawg.io/games/party-hard
No Time To Explain Remastered,2015-07-17,"macOS, PC, Linux",Not played,,2020-04-18 22:40:01,2020-04-18 23:10:31,,,,https://rawg.io/games/no-time-to-explain-remastered
The Escapists,2015-02-12,"Xbox 360, PlayStation 4, Nintendo Switch, Xbox One, Linux, Android, macOS, PC, iOS",Completed,,2020-04-18 22:47:45,2020-04-18 23:10:50,recommended,,2020-04-18 23:21:54,https://rawg.io/games/the-escapists
Saints Row: Gat Out of Hell,2015-01-20,"Linux, PC, Xbox One, PlayStation 3, PlayStation 4, Xbox 360",Completed,,2020-04-18 22:32:26,2020-04-18 23:11:06,recommended,,2020-04-18 23:22:05,https://rawg.io/games/saints-row-gat-out-of-hell
State of Decay,2013-06-06,"Xbox 360, PC",Completed,,2020-04-18 22:42:20,2020-04-18 23:11:13,recommended,,2020-04-18 23:22:56,https://rawg.io/games/state-of-decay
God of War III,2010-03-16,PlayStation 3,Completed,PlayStation 3,2020-04-18 22:44:04,2020-04-18 23:12:02,exceptional,,2020-04-18 23:25:29,https://rawg.io/games/god-of-war-iii
Prototype,2009-06-09,"PC, PlayStation 3, PlayStation 4, Xbox One, Xbox 360",Completed,,2020-04-18 22:37:32,2020-04-18 23:12:28,exceptional,,2020-04-18 23:26:00,https://rawg.io/games/prototype
Assassin's Creed Revelations,2011-11-15,"PlayStation 3, PC, Xbox 360, PlayStation 4, Xbox One",Completed,,2020-04-18 22:33:33,2020-04-18 23:13:19,meh,,2020-04-18 23:24:39,https://rawg.io/games/assassins-creed-revelations
Darksiders II Deathinitive Edition,2015-11-05,"PlayStation 4, Xbox One, Nintendo Switch, PC",Not played,,2020-04-18 22:30:46,2020-04-18 23:13:54,,,,https://rawg.io/games/darksiders-ii-deathinitive-edition
LEGO Batman,2008-09-23,"Nintendo DS, macOS, PC, PSP, PlayStation 3, Xbox 360, Wii, PlayStation 2, Xbox One",Completed,,2020-04-18 22:42:39,2020-04-18 23:14:08,recommended,,2020-04-18 23:26:20,https://rawg.io/games/lego-batman
Punch Club,2016-01-07,"Xbox One, Linux, Android, iOS, PC, macOS, Nintendo Switch, Nintendo 3DS, PlayStation 4",Completed,,2020-04-18 22:39:11,2020-04-18 23:14:34,recommended,,2020-04-18 23:21:16,https://rawg.io/games/punch-club
Sonic Generations,2011-11-01,"PC, Nintendo 3DS, Xbox 360, PlayStation 3, PlayStation 4, Xbox One",Played,,2020-04-18 22:34:58,2020-04-18 23:14:48,recommended,,2020-04-18 23:31:44,https://rawg.io/games/sonic-generations
God of War II,2007-03-13,"PlayStation 2, PS Vita, PlayStation 3",Completed,,2020-04-18 22:41:40,2020-04-18 23:15:26,exceptional,,2020-04-18 23:26:36,https://rawg.io/games/god-of-war-ii
Lara Croft and the Guardian of Light,2010-08-05,"PC, PlayStation 3, Xbox 360, Android, iOS",Completed,,2020-04-18 22:30:09,2020-04-18 23:16:04,recommended,,2020-04-18 23:25:14,https://rawg.io/games/lara-croft-gol
The Witcher 3 Wild Hunt - Complete Edition,2016-08-30,"Xbox One, Xbox Series S/X, PC, Nintendo Switch, PlayStation 4, PlayStation 5",Completed,,2020-04-18 22:52:38,2020-04-18 23:16:36,exceptional,,2020-04-18 23:20:53,https://rawg.io/games/the-witcher-3-game-of-the-year
Yakuza 0,2015-03-12,"PC, PlayStation 4, PlayStation 3, Xbox One",Completed,,2020-04-18 22:31:21,2020-04-18 23:10:46,exceptional,,2020-04-18 23:21:50,https://rawg.io/games/yakuza-0
Call of Duty 4: Modern Warfare,2007-11-05,"PlayStation 4, PlayStation 3, Xbox 360, Wii, PC, Nintendo DS, Xbox One, macOS",Completed,,2020-04-18 22:35:48,2020-04-18 23:13:35,recommended,,2020-04-18 23:26:33,https://rawg.io/games/modern-warfare
Besiege,2015-01-28,"PC, macOS, Linux",Played,,2020-04-18 22:35:35,2020-04-18 23:06:51,recommended,,2020-04-18 23:32:39,https://rawg.io/games/besiege
God of War I,2005-03-22,"PS Vita, PlayStation 2, PlayStation 3",Completed,,2020-04-18 22:50:49,2020-04-18 23:15:24,exceptional,,2020-04-18 23:26:43,https://rawg.io/games/god-of-war
Celeste,2018-01-25,"Xbox One, PC, macOS, Nintendo Switch, PlayStation 4, Linux",Completed,,2020-04-18 22:32:12,2020-04-18 23:07:24,exceptional,,2020-04-18 23:20:42,https://rawg.io/games/celeste
West of Loathing,2017-08-09,"Nintendo Switch, iOS, Android, Linux, PC, macOS",Completed,,2020-04-18 23:06:25,2020-04-18 23:07:40,exceptional,,2020-04-18 23:20:44,https://rawg.io/games/west-of-loathing
God of War III Remastered,2015-07-14,PlayStation 4,Completed,PlayStation 4,2020-04-18 22:30:55,2020-04-18 23:10:34,exceptional,,2020-04-18 23:21:36,https://rawg.io/games/god-of-war-iii-remastered
Dying Light,2015-01-27,"Xbox One, PlayStation 4, Nintendo Switch, PC",Completed,,2020-04-18 22:31:03,2020-04-18 23:10:52,exceptional,,2020-04-18 23:21:56,https://rawg.io/games/dying-light
Far Cry 4,2014-11-18,"PlayStation 4, PlayStation 3, PC, Xbox One, Xbox 360",Completed,,2020-04-18 22:25:47,2020-04-18 23:11:11,recommended,,2020-04-18 23:22:11,https://rawg.io/games/far-cry-4
Game Dev Tycoon,2012-12-10,"Android, macOS, PC, Linux, iOS",Completed,,2020-04-18 22:36:10,2020-04-18 23:11:24,exceptional,,2020-04-18 23:24:01,https://rawg.io/games/game-dev-tycoon
Need for Speed: Most Wanted - A Criterion Game,2012-10-30,"Android, PlayStation 3, PC, iOS, PS Vita, Wii U, Xbox 360",Completed,,2020-04-18 22:41:13,2020-04-18 23:11:30,meh,,2020-04-18 23:24:16,https://rawg.io/games/need-for-speed-most-wanted-a-criterion-game
Batman: Arkham City - Game of the Year Edition,2012-09-07,"PlayStation 4, Xbox 360, Xbox One, PlayStation 3, macOS, PC",Completed,,2020-04-18 22:23:13,2020-04-18 23:11:41,exceptional,,2020-04-18 23:24:24,https://rawg.io/games/batman-arkham-city-goty
Red Dead Redemption,2010-05-18,"PlayStation 4, PC, Xbox Series S/X, PlayStation 5, Nintendo Switch, Xbox One, Xbox 360, PlayStation 3",Completed,,2020-04-18 22:23:22,2020-04-18 23:11:54,exceptional,,2020-04-18 23:25:15,https://rawg.io/games/red-dead-redemption
Mount & Blade: Warband,2010-03-30,"PlayStation 4, Linux, macOS, Android, PC, Xbox One",Completed,,2020-04-18 22:33:37,2020-04-18 23:11:56,exceptional,,2020-04-18 23:25:18,https://rawg.io/games/mount-blade-warband
Just Cause 2,2010-03-23,"Xbox 360, PlayStation 3, Xbox One, PC",Completed,,2020-04-18 22:22:45,2020-04-18 23:12:01,recommended,,2020-04-18 23:25:27,https://rawg.io/games/just-cause-2
Battlefield: Bad Company 2,2010-03-02,"Xbox 360, PlayStation 3, PC, Xbox One",Completed,,2020-04-18 22:32:41,2020-04-18 23:12:06,recommended,,2020-04-18 23:25:32,https://rawg.io/games/battlefield-bad-company-2
Assassin's Creed II,2009-11-17,"PlayStation 4, macOS, Xbox 360, PlayStation 3, Xbox One, PC",Completed,,2020-04-18 22:24:13,2020-04-18 23:12:13,recommended,,2020-04-18 23:25:42,https://rawg.io/games/assassins-creed-ii
Assassin’s Creed Brotherhood,2010-11-16,"macOS, PC, PlayStation 3, Xbox 360, Xbox One, PlayStation 4",Completed,,2020-04-18 22:31:50,2020-04-18 23:13:16,recommended,,2020-04-18 23:25:06,https://rawg.io/games/assassins-creed-brotherhood-2
BEEP,2011-03-30,PC,Played,PC,2020-04-18 22:45:54,2020-04-18 23:13:27,skip,,2020-04-18 23:33:47,https://rawg.io/games/beep
Dead Island,2011-09-06,"PC, Xbox 360, PlayStation 3",Completed,,2020-04-18 22:24:09,2020-04-18 23:13:57,recommended,,2020-04-18 23:24:52,https://rawg.io/games/dead-island
Just Cause,2006-09-22,"PC, Xbox 360, PlayStation 2, Xbox",Completed,,2020-04-18 22:34:21,2020-04-18 23:15:58,recommended,,2020-04-18 23:26:40,https://rawg.io/games/just-cause
Kingdoms of Amalur: Reckoning,2012-02-07,"PC, PlayStation 3, Xbox 360",Played,,2020-04-18 22:37:38,2020-04-18 23:16:00,recommended,,2020-04-18 23:31:34,https://rawg.io/games/kingdoms-of-amalur-reckoning
SUPERHOT,2016-02-24,"PlayStation 4, Nintendo Switch, macOS, Xbox One, Linux, Web, PC",Completed,,2020-04-18 23:05:17,2020-04-18 23:16:10,exceptional,,2020-04-18 23:21:06,https://rawg.io/games/superhot
House Flipper,2018-05-16,"macOS, Nintendo Switch, PlayStation 4, Xbox One, iOS, PC",Played,,2020-04-19 21:23:34,2020-04-19 21:23:36,recommended,,2020-04-19 21:23:38,https://rawg.io/games/house-flipper
Baba Is You,2019-03-13,"Android, Nintendo Switch, Linux, macOS, PC, iOS",Played,,2020-04-22 13:27:53,2020-04-22 13:27:57,exceptional,,2020-04-22 13:27:59,https://rawg.io/games/baba-is-you
Moonlighter,2018-05-28,"PlayStation 4, Nintendo Switch, Linux, macOS, PC, iOS, Xbox One, Android",Played,,2020-04-22 16:08:34,2020-04-22 16:08:35,recommended,,2022-01-29 19:35:46,https://rawg.io/games/moonlighter
Despotism 3k,2018-11-08,"Nintendo Switch, Android, PC, iOS",Played,,2020-04-22 15:32:25,2020-04-22 15:32:28,recommended,,2022-01-29 19:35:50,https://rawg.io/games/despotism-3k
Not Tonight,2018-08-16,"Nintendo Switch, PC",Completed,PC,2020-04-22 16:07:54,2020-04-22 16:07:57,recommended,,2020-04-22 16:07:59,https://rawg.io/games/not-tonight
Counter-Strike: Source,2004-11-01,"Linux, macOS, PC",Played,,2020-04-22 15:32:18,2020-07-11 19:00:04,meh,,2022-01-29 19:35:38,https://rawg.io/games/counter-strike-source
Through the Darkest of Times,2020-01-29,"macOS, Xbox One, PlayStation 4, PC, iOS",Not played,,2020-04-22 21:47:59,2020-04-22 21:48:05,,,,https://rawg.io/games/through-the-darkest-of-times
The Witcher 2: Assassins of Kings Enhanced Edition,2012-04-16,"macOS, PC, Xbox 360",Completed,,2020-04-22 23:10:55,2020-04-22 23:10:57,recommended,,2020-04-22 23:11:00,https://rawg.io/games/the-witcher-2-assassins-of-kings-enhanced-edition
Graveyard Keeper,2018-08-14,"Android, PlayStation 4, Linux, macOS, PC, iOS, Xbox One, Nintendo Switch",Played,,2020-05-05 19:57:40,2021-06-21 23:58:04,recommended,,2022-01-29 19:34:57,https://rawg.io/games/graveyard-keeper
Kingdom: Two Crowns,2018-12-10,"PlayStation 4, Nintendo Switch, macOS, PC, iOS, Xbox One, Android",Completed,,2020-06-17 16:26:36,2020-06-17 16:26:41,exceptional,,2022-01-29 19:35:44,https://rawg.io/games/kingdom-two-crowns
Far Cry 5,2018-03-27,"PlayStation 4, PC, Xbox One",Played,,2020-07-08 16:46:11,2020-07-08 16:46:16,recommended,,2022-01-29 19:35:42,https://rawg.io/games/far-cry-5
This War of Mine,2014-11-14,"Android, PS Vita, Nintendo Switch, Linux, macOS, PC, iOS",Completed,,2020-07-11 18:51:28,2020-07-11 18:51:38,exceptional,,2022-01-29 19:35:40,https://rawg.io/games/this-war-of-mine
Police Stories,2019-09-18,"Nintendo Switch, Linux, macOS, PC, PlayStation 4, Xbox One",Played,,2020-07-10 11:52:16,2020-07-10 11:52:21,recommended,,2022-01-29 19:35:41,https://rawg.io/games/police-stories
Desperados III,2020-06-15,"Xbox One, PlayStation 4, macOS, PC",Not played,,2020-07-10 11:53:12,2020-07-10 11:53:16,,,,https://rawg.io/games/desperados-iii
Mount & Blade II: Bannerlord,2022-10-25,"Xbox One, PlayStation 5, Xbox Series S/X, PlayStation 4, PC",Completed,PC,2020-07-10 11:51:59,2020-07-10 11:52:13,exceptional,,2020-07-10 11:52:05,https://rawg.io/games/mount-blade-ii-bannerlord
Counter-Strike,2000-11-01,"Xbox, Linux, macOS, PC",Played,,2020-04-22 15:32:21,2020-07-11 19:00:07,exceptional,,2022-01-29 19:35:35,https://rawg.io/games/counter-strike
Counter-Strike: Global Offensive,2012-08-21,"PC, Linux, Xbox 360, PlayStation 3",Completed,,2020-04-18 22:20:35,2020-07-11 19:00:01,meh,,2022-01-29 19:35:38,https://rawg.io/games/counter-strike-global-offensive
Happy Room,2016-12-19,"macOS, PC, Linux",Completed,,2020-08-15 23:53:07,2020-08-15 23:53:15,recommended,,2020-08-15 23:53:10,https://rawg.io/games/happy-room
The Forest,2018-04-30,"PC, PlayStation 4",Completed,,2020-09-24 09:50:32,2020-09-24 09:50:34,exceptional,,2022-01-29 19:35:33,https://rawg.io/games/the-forest
Watch Dogs 2,2016-11-28,"Xbox One, PlayStation 4, PC",Completed,,2020-09-23 22:36:58,2020-09-23 22:37:00,exceptional,,2020-09-23 22:37:03,https://rawg.io/games/watch_dogs-2
Turmoil,2016-06-01,"PC, Nintendo Switch, Linux, macOS, iOS",Completed,,2020-09-26 13:13:11,2020-09-26 13:13:16,recommended,,2020-09-26 13:13:19,https://rawg.io/games/turmoil
Hades,2020-09-17,"PlayStation 5, Xbox Series S/X, PlayStation 4, Nintendo Switch, PC, Xbox One",Completed,,2020-11-03 14:44:54,2020-11-03 14:44:57,exceptional,,2022-01-29 19:35:32,https://rawg.io/games/hades-2018
Carrion,2020-07-23,"PlayStation 4, Xbox One, PC, macOS, Linux, Nintendo Switch",Played,,2020-11-03 14:44:50,2021-03-27 12:01:07,recommended,,2022-01-29 19:35:29,https://rawg.io/games/carrion
Dragon's Dogma: Dark Arisen,2013-04-23,"Xbox One, PC, Nintendo Switch, Xbox 360, PlayStation 3, PlayStation 4",Played,,2021-03-08 19:49:06,2021-03-30 08:18:37,recommended,,2022-01-29 19:35:28,https://rawg.io/games/dragons-dogma-dark-arisen
Fall Guys: Ultimate Knockout,2020-08-04,"Xbox One, PlayStation 4, PC, Nintendo Switch, Xbox Series S/X",Completed,,2020-09-23 21:14:09,2021-03-27 12:00:47,recommended,,2022-01-29 19:35:30,https://rawg.io/games/fall-guys
Hitman 2,2018-11-13,"Xbox One, PC, PlayStation 4",Played,,2021-02-15 22:51:54,2021-05-29 20:54:43,recommended,,2021-02-15 22:51:57,https://rawg.io/games/hitman-2
Persona 4 Golden,2012-11-20,"Nintendo Switch, Xbox Series S/X, PS Vita, PC, Xbox One, PlayStation 4",Completed,,2021-02-15 22:51:05,2021-03-27 12:00:55,exceptional,,2021-02-15 22:51:08,https://rawg.io/games/persona-4-golden
Cyberpunk 2077,2020-12-10,"Nintendo Switch, PlayStation 4, PC, Xbox Series S/X, PlayStation 5, Xbox One",Completed,,2021-02-15 22:53:49,2021-03-27 12:00:30,exceptional,,2021-02-15 22:53:52,https://rawg.io/games/cyberpunk-2077
Hitman,2016-03-11,"PlayStation 4, Linux, macOS, PC, Xbox One",Played,,2021-02-15 22:51:42,2021-05-29 20:54:45,recommended,,2021-02-15 22:51:46,https://rawg.io/games/hitman
Dragon Age: Origins,2009-11-03,"Xbox 360, Xbox One, macOS, PlayStation 3, PC",Completed,,2020-04-18 22:24:49,2021-03-30 08:17:55,exceptional,,2020-04-18 23:32:10,https://rawg.io/games/dragon-age-origins
Empire of Sin,2020-12-01,"Xbox One, Nintendo Switch, PlayStation 4, PC, macOS",Played,,2020-12-05 09:13:06,2021-03-30 08:19:40,meh,,2022-01-29 19:35:24,https://rawg.io/games/empire-of-sin
Mad Games Tycoon 2,2021-01-21,PC,Played,PC,2021-03-30 08:19:25,2021-03-30 08:19:27,meh,,2022-01-29 19:35:25,https://rawg.io/games/mad-games-tycoon-2
My Friend Pedro,2019-06-19,"PlayStation 4, Xbox One, iOS, PC, Nintendo Switch",Completed,,2021-04-24 06:47:57,2021-04-24 06:48:00,recommended,,2022-01-29 19:35:22,https://rawg.io/games/my-friend-pedro
Death Stranding,2019-11-08,"PC, PlayStation 4",Completed,,2021-04-24 06:31:23,2021-05-11 01:24:40,exceptional,,2022-01-29 19:35:21,https://rawg.io/games/death-stranding
Metal Gear Solid V: The Phantom Pain,2015-09-01,"PlayStation 4, PC, Xbox One, PlayStation 3, Xbox 360",Completed,,2021-04-22 10:21:03,2021-07-16 19:46:32,exceptional,,2022-01-29 19:34:54,https://rawg.io/games/metal-gear-solid-v-the-phantom-pain
Metal Gear Solid,1998-09-03,"PC, Game Boy Color, PlayStation, PlayStation 3",Completed,,2021-06-12 07:04:45,2021-06-12 07:04:48,exceptional,,2022-01-29 19:35:07,https://rawg.io/games/metal-gear-solid-1
Metal Gear Solid 2: Substance,2002-11-05,"Xbox, PC, PlayStation 2",Completed,,2021-06-12 07:04:50,2021-06-18 22:25:52,exceptional,,2022-01-29 19:35:01,https://rawg.io/games/metal-gear-solid-2-substance
Shin Megami Tensei: Persona 3 FES,2007-04-19,PlayStation 2,Not played,,2021-06-17 12:27:55,2021-06-19 08:55:05,,,,https://rawg.io/games/shin-megami-tensei-persona-3-fes
Phoenix Wright: Ace Attorney - Spirit of Justice,2016-06-09,"Android, Nintendo 3DS, iOS",Not played,,2021-06-17 12:26:52,2021-06-21 23:58:11,,,,https://rawg.io/games/spirit-of-justice
Metal Gear Solid 3: Snake Eater,2004-11-17,"Xbox 360, Nintendo 3DS, PlayStation 2, PlayStation 3, PS Vita",Completed,,2021-06-20 11:20:46,2021-07-16 15:19:00,exceptional,,2022-01-29 19:34:55,https://rawg.io/games/metal-gear-solid-3-snake-eater
Yakuza Kiwami,2016-01-21,"PlayStation 4, PC, Nintendo Switch, Xbox One, PlayStation 3",Completed,,2020-04-18 22:34:55,2021-06-20 22:25:57,recommended,,2022-01-29 19:34:59,https://rawg.io/games/yakuza-kiwami
Phoenix Wright: Ace Attorney Trilogy,2013-05-30,"Nintendo 3DS, Nintendo Switch, Xbox One, PlayStation 4, iOS, PC",Not played,,2021-06-22 23:35:15,2021-07-25 18:41:53,,,,https://rawg.io/games/ace-attorney-phoenix-wright-trilogy-hd
Metal Gear Solid 4: Guns of the Patriots,2008-06-12,PlayStation 3,Completed,PlayStation 3,2021-07-25 18:42:09,2021-12-09 10:06:09,exceptional,,2022-01-29 19:34:53,https://rawg.io/games/metal-gear-solid-4-guns-of-the-patriots
Sonic Mania,2017-08-15,"PlayStation 4, Xbox One, PC, Nintendo Switch",Completed,,2020-04-18 22:31:13,2022-01-29 19:32:59,exceptional,,2022-01-29 19:34:51,https://rawg.io/games/sonic-mania
Ni no Kuni II: Revenant Kingdom,2018-03-23,"PlayStation 4, Nintendo Switch, PC, Xbox One, Xbox Series S/X",Completed,,2022-01-29 23:16:27,2022-02-19 10:58:37,recommended,,2022-02-19 11:05:25,https://rawg.io/games/ni-no-kuni-ii-revenant-kingdom
Clair Obscur: Expedition 33,2025-04-24,"PC, PlayStation 5, Xbox Series S/X",,,,,exceptional,,2025-12-15 19:09:20,https://rawg.io/games/clair-obscur-expedition-33
Far Cry,2004-03-22,"PlayStation 3, PlayStation 2, Wii, PC, Xbox, Xbox 360",,,,,recommended,,2025-12-08 20:39:56,https://rawg.io/games/far-cry
Ori and the Blind Forest: Definitive Edition,2016-04-27,"Xbox One, PC, Nintendo Switch, Xbox 360",,,,,recommended,,2020-04-18 23:31:51,https://rawg.io/games/ori-and-the-blind-forest-definitive-edition
Dishonored Definitive Edition,2015-08-25,"Xbox One, PC, PlayStation 4",,,,,exceptional,,2020-04-18 23:21:31,https://rawg.io/games/dishonored-definitive-edition
